id,gradeId,classId,teacherId,day,period,subjectId
1,1,1,staff_ks_063,MONDAY,PERIOD1,3
2,1,1,staff_ks_063,MONDAY,PERIOD2,3
3,1,1,staff_ks_063,MONDAY,PERIOD3,3
4,1,1,staff_ks_063,MONDAY,PERIOD4,3
5,1,1,staff_ks_063,MONDAY,PERIOD5,3
6,1,1,staff_ks_063,MONDAY,PERIOD6,3
7,1,1,staff_ks_063,MONDAY,PERIOD8,3
8,1,1,staff_ks_063,TUESDAY,PERIOD1,3
9,1,1,staff_ks_063,TUESDAY,PERIOD2,3
10,1,1,staff_ks_063,TUESDAY,PERIOD4,3
11,1,1,staff_ks_063,TUESDAY,PERIOD5,3
12,1,1,staff_ks_063,TUESDAY,PERIOD6,3
13,1,1,staff_ks_063,TUESDAY,PERIOD7,3
14,1,1,staff_ks_063,TUESDAY,PERIOD8,3
15,1,1,staff_ks_063,WEDNESDAY,PERIOD2,3
16,1,1,staff_ks_063,WEDNESDAY,PERIOD3,3
17,1,1,staff_ks_063,WEDNESDAY,PERIOD4,3
18,1,1,staff_ks_063,WEDNESDAY,PERIOD5,3
19,1,1,staff_ks_063,WEDNESDAY,PERIOD6,3
20,1,1,staff_ks_063,WEDNESDAY,PERIOD7,3
21,1,1,staff_ks_063,WEDNESDAY,PERIOD8,3
22,1,1,staff_ks_063,THURSDAY,PERIOD1,3
23,1,1,staff_ks_063,THURSDAY,PERIOD2,3
24,1,1,staff_ks_063,THURSDAY,PERIOD3,3
25,1,1,staff_ks_063,THURSDAY,PERIOD5,3
26,1,1,staff_ks_063,THURSDAY,PERIOD6,3
27,1,1,staff_ks_063,THURSDAY,PERIOD7,3
28,1,1,staff_ks_063,THURSDAY,PERIOD8,3
29,1,1,staff_ks_063,FRIDAY,PERIOD1,3
30,1,1,staff_ks_063,FRIDAY,PERIOD2,3
31,1,1,staff_ks_063,FRIDAY,PERIOD3,3
32,1,1,staff_ks_063,FRIDAY,PERIOD4,3
33,1,1,staff_ks_063,FRIDAY,PERIOD5,3
34,1,1,staff_ks_063,FRIDAY,PERIOD6,3
35,1,1,staff_ks_063,FRIDAY,PERIOD7,3
36,1,1,staff_ks_063,SATURDAY,PERIOD2,3
37,1,1,staff_ks_063,SATURDAY,PERIOD3,3
38,1,1,staff_ks_063,SATURDAY,PERIOD4,3
39,2,2,staff_ks_001,MONDAY,PERIOD1,5
40,2,2,staff_ks_001,MONDAY,PERIOD2,8
41,2,2,staff_ks_001,MONDAY,PERIOD3,9
42,2,2,staff_ks_001,MONDAY,PERIOD4,10
43,2,2,staff_ks_001,MONDAY,PERIOD6,14
44,2,2,staff_ks_001,MONDAY,PERIOD7,20
45,2,2,staff_ks_001,MONDAY,PERIOD8,21
46,2,2,staff_ks_001,TUESDAY,PERIOD1,24
47,2,2,staff_ks_001,TUESDAY,PERIOD2,26
48,2,2,staff_ks_001,TUESDAY,PERIOD3,5
49,2,2,staff_ks_001,TUESDAY,PERIOD4,8
50,2,2,staff_ks_001,TUESDAY,PERIOD5,9
51,2,2,staff_ks_001,TUESDAY,PERIOD6,10
52,2,2,staff_ks_001,TUESDAY,PERIOD7,14
53,2,2,staff_ks_001,WEDNESDAY,PERIOD1,20
54,2,2,staff_ks_001,WEDNESDAY,PERIOD2,21
55,2,2,staff_ks_001,WEDNESDAY,PERIOD3,24
56,2,2,staff_ks_001,WEDNESDAY,PERIOD4,26
57,2,2,staff_ks_001,WEDNESDAY,PERIOD5,5
58,2,2,staff_ks_001,WEDNESDAY,PERIOD6,8
59,2,2,staff_ks_001,WEDNESDAY,PERIOD7,9
60,2,2,staff_ks_001,THURSDAY,PERIOD1,10
61,2,2,staff_ks_001,THURSDAY,PERIOD2,14
62,2,2,staff_ks_001,THURSDAY,PERIOD3,20
63,2,2,staff_ks_001,THURSDAY,PERIOD4,21
64,2,2,staff_ks_001,THURSDAY,PERIOD6,24
65,2,2,staff_ks_001,THURSDAY,PERIOD7,26
66,2,2,staff_ks_001,THURSDAY,PERIOD8,5
67,2,2,staff_ks_001,FRIDAY,PERIOD1,8
68,2,2,staff_ks_001,FRIDAY,PERIOD2,9
69,2,2,staff_ks_001,FRIDAY,PERIOD3,10
70,2,2,staff_ks_001,FRIDAY,PERIOD4,14
71,2,2,staff_ks_001,FRIDAY,PERIOD5,20
72,2,2,staff_ks_001,FRIDAY,PERIOD7,21
73,2,2,staff_ks_001,FRIDAY,PERIOD8,24
74,2,2,staff_ks_001,SATURDAY,PERIOD1,26
75,2,2,staff_ks_001,SATURDAY,PERIOD2,5
76,2,2,staff_ks_001,SATURDAY,PERIOD3,8
77,2,3,staff_ks_002,MONDAY,PERIOD2,5
78,2,3,staff_ks_002,MONDAY,PERIOD3,8
79,2,3,staff_ks_002,MONDAY,PERIOD4,9
80,2,3,staff_ks_002,MONDAY,PERIOD5,10
81,2,3,staff_ks_002,MONDAY,PERIOD6,14
82,2,3,staff_ks_002,MONDAY,PERIOD7,20
83,2,3,staff_ks_002,MONDAY,PERIOD8,21
84,2,3,staff_ks_002,TUESDAY,PERIOD1,24
85,2,3,staff_ks_002,TUESDAY,PERIOD2,26
86,2,3,staff_ks_002,TUESDAY,PERIOD3,5
87,2,3,staff_ks_002,TUESDAY,PERIOD4,8
88,2,3,staff_ks_002,TUESDAY,PERIOD5,9
89,2,3,staff_ks_002,TUESDAY,PERIOD6,10
90,2,3,staff_ks_002,TUESDAY,PERIOD8,14
91,2,3,staff_ks_002,WEDNESDAY,PERIOD1,20
92,2,3,staff_ks_002,WEDNESDAY,PERIOD2,21
93,2,3,staff_ks_002,WEDNESDAY,PERIOD3,24
94,2,3,staff_ks_002,WEDNESDAY,PERIOD5,26
95,2,3,staff_ks_002,WEDNESDAY,PERIOD6,5
96,2,3,staff_ks_002,WEDNESDAY,PERIOD7,8
97,2,3,staff_ks_002,WEDNESDAY,PERIOD8,9
98,2,3,staff_ks_002,THURSDAY,PERIOD1,10
99,2,3,staff_ks_002,THURSDAY,PERIOD2,14
100,2,3,staff_ks_002,THURSDAY,PERIOD3,20
101,2,3,staff_ks_002,THURSDAY,PERIOD4,21
102,2,3,staff_ks_002,THURSDAY,PERIOD5,24
103,2,3,staff_ks_002,THURSDAY,PERIOD6,26
104,2,3,staff_ks_002,THURSDAY,PERIOD7,5
105,2,3,staff_ks_002,FRIDAY,PERIOD1,8
106,2,3,staff_ks_002,FRIDAY,PERIOD2,9
107,2,3,staff_ks_002,FRIDAY,PERIOD3,10
108,2,3,staff_ks_002,FRIDAY,PERIOD4,14
109,2,3,staff_ks_002,FRIDAY,PERIOD5,20
110,2,3,staff_ks_002,FRIDAY,PERIOD7,21
111,2,3,staff_ks_002,FRIDAY,PERIOD8,24
112,2,3,staff_ks_002,SATURDAY,PERIOD2,26
113,2,3,staff_ks_002,SATURDAY,PERIOD3,5
114,2,3,staff_ks_002,SATURDAY,PERIOD4,8
115,3,4,staff_ks_003,MONDAY,PERIOD1,5
116,3,4,staff_ks_003,MONDAY,PERIOD3,8
117,3,4,staff_ks_003,MONDAY,PERIOD4,9
118,3,4,staff_ks_003,MONDAY,PERIOD5,10
119,3,4,staff_ks_003,MONDAY,PERIOD6,14
120,3,4,staff_ks_003,MONDAY,PERIOD7,16
121,3,4,staff_ks_003,MONDAY,PERIOD8,20
122,3,4,staff_ks_003,TUESDAY,PERIOD1,21
123,3,4,staff_ks_003,TUESDAY,PERIOD2,24
124,3,4,staff_ks_003,TUESDAY,PERIOD3,26
125,3,4,staff_ks_003,TUESDAY,PERIOD4,27
126,3,4,staff_ks_003,TUESDAY,PERIOD5,5
127,3,4,staff_ks_003,TUESDAY,PERIOD6,8
128,3,4,staff_ks_003,TUESDAY,PERIOD7,9
129,3,4,staff_ks_003,WEDNESDAY,PERIOD1,10
130,3,4,staff_ks_003,WEDNESDAY,PERIOD2,14
131,3,4,staff_ks_003,WEDNESDAY,PERIOD3,16
132,3,4,staff_ks_003,WEDNESDAY,PERIOD4,20
133,3,4,staff_ks_003,WEDNESDAY,PERIOD5,21
134,3,4,staff_ks_003,WEDNESDAY,PERIOD6,24
135,3,4,staff_ks_003,WEDNESDAY,PERIOD7,26
136,3,4,staff_ks_003,THURSDAY,PERIOD1,27
137,3,4,staff_ks_003,THURSDAY,PERIOD2,5
138,3,4,staff_ks_003,THURSDAY,PERIOD4,8
139,3,4,staff_ks_003,THURSDAY,PERIOD5,9
140,3,4,staff_ks_003,THURSDAY,PERIOD6,10
141,3,4,staff_ks_003,THURSDAY,PERIOD7,14
142,3,4,staff_ks_003,THURSDAY,PERIOD8,16
143,3,4,staff_ks_003,FRIDAY,PERIOD1,20
144,3,4,staff_ks_003,FRIDAY,PERIOD2,21
145,3,4,staff_ks_003,FRIDAY,PERIOD3,24
146,3,4,staff_ks_003,FRIDAY,PERIOD4,26
147,3,4,staff_ks_003,FRIDAY,PERIOD5,27
148,3,4,staff_ks_003,FRIDAY,PERIOD6,5
149,3,4,staff_ks_003,FRIDAY,PERIOD7,8
150,3,4,staff_ks_003,SATURDAY,PERIOD1,9
151,3,4,staff_ks_003,SATURDAY,PERIOD3,10
152,3,4,staff_ks_003,SATURDAY,PERIOD4,14
153,3,5,staff_ks_004,MONDAY,PERIOD1,5
154,3,5,staff_ks_004,MONDAY,PERIOD3,8
155,3,5,staff_ks_004,MONDAY,PERIOD4,9
156,3,5,staff_ks_004,MONDAY,PERIOD5,10
157,3,5,staff_ks_004,MONDAY,PERIOD6,14
158,3,5,staff_ks_004,MONDAY,PERIOD7,16
159,3,5,staff_ks_004,MONDAY,PERIOD8,20
160,3,5,staff_ks_004,TUESDAY,PERIOD1,21
161,3,5,staff_ks_004,TUESDAY,PERIOD2,24
162,3,5,staff_ks_004,TUESDAY,PERIOD3,26
163,3,5,staff_ks_004,TUESDAY,PERIOD4,27
164,3,5,staff_ks_004,TUESDAY,PERIOD5,5
165,3,5,staff_ks_004,TUESDAY,PERIOD6,8
166,3,5,staff_ks_004,TUESDAY,PERIOD7,9
167,3,5,staff_ks_004,WEDNESDAY,PERIOD1,10
168,3,5,staff_ks_004,WEDNESDAY,PERIOD2,14
169,3,5,staff_ks_004,WEDNESDAY,PERIOD3,16
170,3,5,staff_ks_004,WEDNESDAY,PERIOD4,20
171,3,5,staff_ks_004,WEDNESDAY,PERIOD5,21
172,3,5,staff_ks_004,WEDNESDAY,PERIOD6,24
173,3,5,staff_ks_004,WEDNESDAY,PERIOD8,26
174,3,5,staff_ks_004,THURSDAY,PERIOD1,27
175,3,5,staff_ks_004,THURSDAY,PERIOD2,5
176,3,5,staff_ks_004,THURSDAY,PERIOD4,8
177,3,5,staff_ks_004,THURSDAY,PERIOD5,9
178,3,5,staff_ks_004,THURSDAY,PERIOD6,10
179,3,5,staff_ks_004,THURSDAY,PERIOD7,14
180,3,5,staff_ks_004,THURSDAY,PERIOD8,16
181,3,5,staff_ks_004,FRIDAY,PERIOD1,20
182,3,5,staff_ks_004,FRIDAY,PERIOD3,21
183,3,5,staff_ks_004,FRIDAY,PERIOD4,24
184,3,5,staff_ks_004,FRIDAY,PERIOD5,26
185,3,5,staff_ks_004,FRIDAY,PERIOD6,27
186,3,5,staff_ks_004,FRIDAY,PERIOD7,5
187,3,5,staff_ks_004,FRIDAY,PERIOD8,8
188,3,5,staff_ks_004,SATURDAY,PERIOD1,9
189,3,5,staff_ks_004,SATURDAY,PERIOD2,10
190,3,5,staff_ks_004,SATURDAY,PERIOD4,14
191,3,6,staff_ks_005,MONDAY,PERIOD1,5
192,3,6,staff_ks_005,MONDAY,PERIOD2,8
193,3,6,staff_ks_005,MONDAY,PERIOD3,9
194,3,6,staff_ks_005,MONDAY,PERIOD4,10
195,3,6,staff_ks_005,MONDAY,PERIOD6,14
196,3,6,staff_ks_005,MONDAY,PERIOD7,16
197,3,6,staff_ks_005,MONDAY,PERIOD8,20
198,3,6,staff_ks_005,TUESDAY,PERIOD1,21
199,3,6,staff_ks_005,TUESDAY,PERIOD2,24
200,3,6,staff_ks_005,TUESDAY,PERIOD4,26
201,3,6,staff_ks_005,TUESDAY,PERIOD5,27
202,3,6,staff_ks_005,TUESDAY,PERIOD6,5
203,3,6,staff_ks_005,TUESDAY,PERIOD7,8
204,3,6,staff_ks_005,TUESDAY,PERIOD8,9
205,3,6,staff_ks_005,WEDNESDAY,PERIOD2,10
206,3,6,staff_ks_005,WEDNESDAY,PERIOD3,14
207,3,6,staff_ks_005,WEDNESDAY,PERIOD4,16
208,3,6,staff_ks_005,WEDNESDAY,PERIOD5,20
209,3,6,staff_ks_005,WEDNESDAY,PERIOD6,21
210,3,6,staff_ks_005,WEDNESDAY,PERIOD7,24
211,3,6,staff_ks_005,WEDNESDAY,PERIOD8,26
212,3,6,staff_ks_005,THURSDAY,PERIOD1,27
213,3,6,staff_ks_005,THURSDAY,PERIOD2,5
214,3,6,staff_ks_005,THURSDAY,PERIOD3,8
215,3,6,staff_ks_005,THURSDAY,PERIOD4,9
216,3,6,staff_ks_005,THURSDAY,PERIOD5,10
217,3,6,staff_ks_005,THURSDAY,PERIOD6,14
218,3,6,staff_ks_005,THURSDAY,PERIOD8,16
219,3,6,staff_ks_005,FRIDAY,PERIOD1,20
220,3,6,staff_ks_005,FRIDAY,PERIOD3,21
221,3,6,staff_ks_005,FRIDAY,PERIOD4,24
222,3,6,staff_ks_005,FRIDAY,PERIOD5,26
223,3,6,staff_ks_005,FRIDAY,PERIOD6,27
224,3,6,staff_ks_005,FRIDAY,PERIOD7,5
225,3,6,staff_ks_005,FRIDAY,PERIOD8,8
226,3,6,staff_ks_005,SATURDAY,PERIOD1,9
227,3,6,staff_ks_005,SATURDAY,PERIOD3,10
228,3,6,staff_ks_005,SATURDAY,PERIOD4,14
229,4,7,staff_ks_007,MONDAY,PERIOD1,4
230,4,7,staff_ks_007,MONDAY,PERIOD2,5
231,4,7,staff_ks_007,MONDAY,PERIOD4,6
232,4,7,staff_ks_007,MONDAY,PERIOD5,7
233,4,7,staff_ks_007,MONDAY,PERIOD6,10
234,4,7,staff_ks_007,MONDAY,PERIOD7,11
235,4,7,staff_ks_007,MONDAY,PERIOD8,14
236,4,7,staff_ks_007,TUESDAY,PERIOD2,16
237,4,7,staff_ks_007,TUESDAY,PERIOD3,18
238,4,7,staff_ks_007,TUESDAY,PERIOD4,19
239,4,7,staff_ks_007,TUESDAY,PERIOD5,23
240,4,7,staff_ks_007,TUESDAY,PERIOD6,26
241,4,7,staff_ks_007,TUESDAY,PERIOD7,27
242,4,7,staff_ks_007,TUESDAY,PERIOD8,4
243,4,7,staff_ks_007,WEDNESDAY,PERIOD1,5
244,4,7,staff_ks_007,WEDNESDAY,PERIOD2,6
245,4,7,staff_ks_007,WEDNESDAY,PERIOD3,7
246,4,7,staff_ks_007,WEDNESDAY,PERIOD4,10
247,4,7,staff_ks_007,WEDNESDAY,PERIOD6,11
248,4,7,staff_ks_007,WEDNESDAY,PERIOD7,14
249,4,7,staff_ks_007,WEDNESDAY,PERIOD8,16
250,4,7,staff_ks_007,THURSDAY,PERIOD2,18
251,4,7,staff_ks_007,THURSDAY,PERIOD3,19
252,4,7,staff_ks_007,THURSDAY,PERIOD4,23
253,4,7,staff_ks_007,THURSDAY,PERIOD5,26
254,4,7,staff_ks_007,THURSDAY,PERIOD6,27
255,4,7,staff_ks_007,THURSDAY,PERIOD7,4
256,4,7,staff_ks_007,THURSDAY,PERIOD8,5
257,4,7,staff_ks_007,FRIDAY,PERIOD1,6
258,4,7,staff_ks_007,FRIDAY,PERIOD2,7
259,4,7,staff_ks_007,FRIDAY,PERIOD3,10
260,4,7,staff_ks_007,FRIDAY,PERIOD5,11
261,4,7,staff_ks_007,FRIDAY,PERIOD6,14
262,4,7,staff_ks_007,FRIDAY,PERIOD7,16
263,4,7,staff_ks_007,FRIDAY,PERIOD8,18
264,4,7,staff_ks_007,SATURDAY,PERIOD2,19
265,4,7,staff_ks_007,SATURDAY,PERIOD3,23
266,4,7,staff_ks_007,SATURDAY,PERIOD4,26
267,4,8,staff_ks_008,MONDAY,PERIOD1,4
268,4,8,staff_ks_008,MONDAY,PERIOD2,5
269,4,8,staff_ks_008,MONDAY,PERIOD3,6
270,4,8,staff_ks_008,MONDAY,PERIOD4,7
271,4,8,staff_ks_008,MONDAY,PERIOD5,10
272,4,8,staff_ks_008,MONDAY,PERIOD6,11
273,4,8,staff_ks_008,MONDAY,PERIOD8,14
274,4,8,staff_ks_008,TUESDAY,PERIOD1,16
275,4,8,staff_ks_008,TUESDAY,PERIOD2,18
276,4,8,staff_ks_008,TUESDAY,PERIOD3,19
277,4,8,staff_ks_008,TUESDAY,PERIOD5,23
278,4,8,staff_ks_008,TUESDAY,PERIOD6,26
279,4,8,staff_ks_008,TUESDAY,PERIOD7,27
280,4,8,staff_ks_008,TUESDAY,PERIOD8,4
281,4,8,staff_ks_008,WEDNESDAY,PERIOD1,5
282,4,8,staff_ks_008,WEDNESDAY,PERIOD2,6
283,4,8,staff_ks_008,WEDNESDAY,PERIOD3,7
284,4,8,staff_ks_008,WEDNESDAY,PERIOD4,10
285,4,8,staff_ks_008,WEDNESDAY,PERIOD5,11
286,4,8,staff_ks_008,WEDNESDAY,PERIOD7,14
287,4,8,staff_ks_008,WEDNESDAY,PERIOD8,16
288,4,8,staff_ks_008,THURSDAY,PERIOD1,18
289,4,8,staff_ks_008,THURSDAY,PERIOD2,19
290,4,8,staff_ks_008,THURSDAY,PERIOD3,23
291,4,8,staff_ks_008,THURSDAY,PERIOD4,26
292,4,8,staff_ks_008,THURSDAY,PERIOD6,27
293,4,8,staff_ks_008,THURSDAY,PERIOD7,4
294,4,8,staff_ks_008,THURSDAY,PERIOD8,5
295,4,8,staff_ks_008,FRIDAY,PERIOD1,6
296,4,8,staff_ks_008,FRIDAY,PERIOD2,7
297,4,8,staff_ks_008,FRIDAY,PERIOD3,10
298,4,8,staff_ks_008,FRIDAY,PERIOD4,11
299,4,8,staff_ks_008,FRIDAY,PERIOD6,14
300,4,8,staff_ks_008,FRIDAY,PERIOD7,16
301,4,8,staff_ks_008,FRIDAY,PERIOD8,18
302,4,8,staff_ks_008,SATURDAY,PERIOD1,19
303,4,8,staff_ks_008,SATURDAY,PERIOD2,23
304,4,8,staff_ks_008,SATURDAY,PERIOD3,26
305,4,9,staff_ks_009,MONDAY,PERIOD1,4
306,4,9,staff_ks_009,MONDAY,PERIOD2,5
307,4,9,staff_ks_009,MONDAY,PERIOD4,6
308,4,9,staff_ks_009,MONDAY,PERIOD5,7
309,4,9,staff_ks_009,MONDAY,PERIOD6,10
310,4,9,staff_ks_009,MONDAY,PERIOD7,11
311,4,9,staff_ks_009,MONDAY,PERIOD8,14
312,4,9,staff_ks_009,TUESDAY,PERIOD1,16
313,4,9,staff_ks_009,TUESDAY,PERIOD2,18
314,4,9,staff_ks_009,TUESDAY,PERIOD3,19
315,4,9,staff_ks_009,TUESDAY,PERIOD4,23
316,4,9,staff_ks_009,TUESDAY,PERIOD6,26
317,4,9,staff_ks_009,TUESDAY,PERIOD7,27
318,4,9,staff_ks_009,TUESDAY,PERIOD8,4
319,4,9,staff_ks_009,WEDNESDAY,PERIOD1,5
320,4,9,staff_ks_009,WEDNESDAY,PERIOD2,6
321,4,9,staff_ks_009,WEDNESDAY,PERIOD3,7
322,4,9,staff_ks_009,WEDNESDAY,PERIOD4,10
323,4,9,staff_ks_009,WEDNESDAY,PERIOD5,11
324,4,9,staff_ks_009,WEDNESDAY,PERIOD6,14
325,4,9,staff_ks_009,WEDNESDAY,PERIOD7,16
326,4,9,staff_ks_009,THURSDAY,PERIOD1,18
327,4,9,staff_ks_009,THURSDAY,PERIOD2,19
328,4,9,staff_ks_009,THURSDAY,PERIOD4,23
329,4,9,staff_ks_009,THURSDAY,PERIOD5,26
330,4,9,staff_ks_009,THURSDAY,PERIOD6,27
331,4,9,staff_ks_009,THURSDAY,PERIOD7,4
332,4,9,staff_ks_009,THURSDAY,PERIOD8,5
333,4,9,staff_ks_009,FRIDAY,PERIOD1,6
334,4,9,staff_ks_009,FRIDAY,PERIOD2,7
335,4,9,staff_ks_009,FRIDAY,PERIOD3,10
336,4,9,staff_ks_009,FRIDAY,PERIOD4,11
337,4,9,staff_ks_009,FRIDAY,PERIOD5,14
338,4,9,staff_ks_009,FRIDAY,PERIOD7,16
339,4,9,staff_ks_009,FRIDAY,PERIOD8,18
340,4,9,staff_ks_009,SATURDAY,PERIOD1,19
341,4,9,staff_ks_009,SATURDAY,PERIOD2,23
342,4,9,staff_ks_009,SATURDAY,PERIOD4,26
343,4,10,staff_ks_012,MONDAY,PERIOD1,4
344,4,10,staff_ks_012,MONDAY,PERIOD2,5
345,4,10,staff_ks_012,MONDAY,PERIOD3,6
346,4,10,staff_ks_012,MONDAY,PERIOD4,7
347,4,10,staff_ks_012,MONDAY,PERIOD6,10
348,4,10,staff_ks_012,MONDAY,PERIOD7,11
349,4,10,staff_ks_012,MONDAY,PERIOD8,14
350,4,10,staff_ks_012,TUESDAY,PERIOD1,16
351,4,10,staff_ks_012,TUESDAY,PERIOD2,18
352,4,10,staff_ks_012,TUESDAY,PERIOD3,19
353,4,10,staff_ks_012,TUESDAY,PERIOD4,23
354,4,10,staff_ks_012,TUESDAY,PERIOD5,26
355,4,10,staff_ks_012,TUESDAY,PERIOD6,27
356,4,10,staff_ks_012,TUESDAY,PERIOD8,4
357,4,10,staff_ks_012,WEDNESDAY,PERIOD1,5
358,4,10,staff_ks_012,WEDNESDAY,PERIOD2,6
359,4,10,staff_ks_012,WEDNESDAY,PERIOD3,7
360,4,10,staff_ks_012,WEDNESDAY,PERIOD4,10
361,4,10,staff_ks_012,WEDNESDAY,PERIOD6,11
362,4,10,staff_ks_012,WEDNESDAY,PERIOD7,14
363,4,10,staff_ks_012,WEDNESDAY,PERIOD8,16
364,4,10,staff_ks_012,THURSDAY,PERIOD1,18
365,4,10,staff_ks_012,THURSDAY,PERIOD2,19
366,4,10,staff_ks_012,THURSDAY,PERIOD3,23
367,4,10,staff_ks_012,THURSDAY,PERIOD4,26
368,4,10,staff_ks_012,THURSDAY,PERIOD5,27
369,4,10,staff_ks_012,THURSDAY,PERIOD7,4
370,4,10,staff_ks_012,THURSDAY,PERIOD8,5
371,4,10,staff_ks_012,FRIDAY,PERIOD1,6
372,4,10,staff_ks_012,FRIDAY,PERIOD2,7
373,4,10,staff_ks_012,FRIDAY,PERIOD4,10
374,4,10,staff_ks_012,FRIDAY,PERIOD5,11
375,4,10,staff_ks_012,FRIDAY,PERIOD6,14
376,4,10,staff_ks_012,FRIDAY,PERIOD7,16
377,4,10,staff_ks_012,FRIDAY,PERIOD8,18
378,4,10,staff_ks_012,SATURDAY,PERIOD2,19
379,4,10,staff_ks_012,SATURDAY,PERIOD3,23
380,4,10,staff_ks_012,SATURDAY,PERIOD4,26
381,5,11,staff_ks_015,MONDAY,PERIOD1,4
382,5,11,staff_ks_015,MONDAY,PERIOD2,5
383,5,11,staff_ks_015,MONDAY,PERIOD4,6
384,5,11,staff_ks_015,MONDAY,PERIOD5,7
385,5,11,staff_ks_015,MONDAY,PERIOD6,10
386,5,11,staff_ks_015,MONDAY,PERIOD7,11
387,5,11,staff_ks_015,MONDAY,PERIOD8,14
388,5,11,staff_ks_015,TUESDAY,PERIOD1,16
389,5,11,staff_ks_015,TUESDAY,PERIOD2,18
390,5,11,staff_ks_015,TUESDAY,PERIOD3,19
391,5,11,staff_ks_015,TUESDAY,PERIOD4,23
392,5,11,staff_ks_015,TUESDAY,PERIOD5,26
393,5,11,staff_ks_015,TUESDAY,PERIOD6,4
394,5,11,staff_ks_015,TUESDAY,PERIOD8,5
395,5,11,staff_ks_015,WEDNESDAY,PERIOD1,6
396,5,11,staff_ks_015,WEDNESDAY,PERIOD2,7
397,5,11,staff_ks_015,WEDNESDAY,PERIOD3,10
398,5,11,staff_ks_015,WEDNESDAY,PERIOD5,11
399,5,11,staff_ks_015,WEDNESDAY,PERIOD6,14
400,5,11,staff_ks_015,WEDNESDAY,PERIOD7,16
401,5,11,staff_ks_015,WEDNESDAY,PERIOD8,18
402,5,11,staff_ks_015,THURSDAY,PERIOD2,19
403,5,11,staff_ks_015,THURSDAY,PERIOD3,23
404,5,11,staff_ks_015,THURSDAY,PERIOD4,26
405,5,11,staff_ks_015,THURSDAY,PERIOD5,4
406,5,11,staff_ks_015,THURSDAY,PERIOD6,5
407,5,11,staff_ks_015,THURSDAY,PERIOD7,6
408,5,11,staff_ks_015,THURSDAY,PERIOD8,7
409,5,11,staff_ks_015,FRIDAY,PERIOD1,10
410,5,11,staff_ks_015,FRIDAY,PERIOD2,11
411,5,11,staff_ks_015,FRIDAY,PERIOD3,14
412,5,11,staff_ks_015,FRIDAY,PERIOD4,16
413,5,11,staff_ks_015,FRIDAY,PERIOD5,18
414,5,11,staff_ks_015,FRIDAY,PERIOD6,19
415,5,11,staff_ks_015,FRIDAY,PERIOD7,23
416,5,11,staff_ks_015,SATURDAY,PERIOD1,26
417,5,11,staff_ks_015,SATURDAY,PERIOD3,4
418,5,11,staff_ks_015,SATURDAY,PERIOD4,5
419,5,12,staff_ks_016,MONDAY,PERIOD1,4
420,5,12,staff_ks_016,MONDAY,PERIOD2,5
421,5,12,staff_ks_016,MONDAY,PERIOD4,6
422,5,12,staff_ks_016,MONDAY,PERIOD5,7
423,5,12,staff_ks_016,MONDAY,PERIOD6,10
424,5,12,staff_ks_016,MONDAY,PERIOD7,11
425,5,12,staff_ks_016,MONDAY,PERIOD8,14
426,5,12,staff_ks_016,TUESDAY,PERIOD1,16
427,5,12,staff_ks_016,TUESDAY,PERIOD2,18
428,5,12,staff_ks_016,TUESDAY,PERIOD3,19
429,5,12,staff_ks_016,TUESDAY,PERIOD4,23
430,5,12,staff_ks_016,TUESDAY,PERIOD6,26
431,5,12,staff_ks_016,TUESDAY,PERIOD7,4
432,5,12,staff_ks_016,TUESDAY,PERIOD8,5
433,5,12,staff_ks_016,WEDNESDAY,PERIOD1,6
434,5,12,staff_ks_016,WEDNESDAY,PERIOD2,7
435,5,12,staff_ks_016,WEDNESDAY,PERIOD3,10
436,5,12,staff_ks_016,WEDNESDAY,PERIOD4,11
437,5,12,staff_ks_016,WEDNESDAY,PERIOD5,14
438,5,12,staff_ks_016,WEDNESDAY,PERIOD6,16
439,5,12,staff_ks_016,WEDNESDAY,PERIOD7,18
440,5,12,staff_ks_016,THURSDAY,PERIOD1,19
441,5,12,staff_ks_016,THURSDAY,PERIOD2,23
442,5,12,staff_ks_016,THURSDAY,PERIOD3,26
443,5,12,staff_ks_016,THURSDAY,PERIOD4,4
444,5,12,staff_ks_016,THURSDAY,PERIOD6,5
445,5,12,staff_ks_016,THURSDAY,PERIOD7,6
446,5,12,staff_ks_016,THURSDAY,PERIOD8,7
447,5,12,staff_ks_016,FRIDAY,PERIOD1,10
448,5,12,staff_ks_016,FRIDAY,PERIOD2,11
449,5,12,staff_ks_016,FRIDAY,PERIOD3,14
450,5,12,staff_ks_016,FRIDAY,PERIOD4,16
451,5,12,staff_ks_016,FRIDAY,PERIOD5,18
452,5,12,staff_ks_016,FRIDAY,PERIOD6,19
453,5,12,staff_ks_016,FRIDAY,PERIOD8,23
454,5,12,staff_ks_016,SATURDAY,PERIOD1,26
455,5,12,staff_ks_016,SATURDAY,PERIOD2,4
456,5,12,staff_ks_016,SATURDAY,PERIOD3,5
457,5,13,staff_ks_017,MONDAY,PERIOD2,4
458,5,13,staff_ks_017,MONDAY,PERIOD3,5
459,5,13,staff_ks_017,MONDAY,PERIOD4,6
460,5,13,staff_ks_017,MONDAY,PERIOD5,7
461,5,13,staff_ks_017,MONDAY,PERIOD6,10
462,5,13,staff_ks_017,MONDAY,PERIOD7,11
463,5,13,staff_ks_017,MONDAY,PERIOD8,14
464,5,13,staff_ks_017,TUESDAY,PERIOD1,16
465,5,13,staff_ks_017,TUESDAY,PERIOD3,18
466,5,13,staff_ks_017,TUESDAY,PERIOD4,19
467,5,13,staff_ks_017,TUESDAY,PERIOD5,23
468,5,13,staff_ks_017,TUESDAY,PERIOD6,26
469,5,13,staff_ks_017,TUESDAY,PERIOD7,4
470,5,13,staff_ks_017,TUESDAY,PERIOD8,5
471,5,13,staff_ks_017,WEDNESDAY,PERIOD1,6
472,5,13,staff_ks_017,WEDNESDAY,PERIOD2,7
473,5,13,staff_ks_017,WEDNESDAY,PERIOD3,10
474,5,13,staff_ks_017,WEDNESDAY,PERIOD4,11
475,5,13,staff_ks_017,WEDNESDAY,PERIOD5,14
476,5,13,staff_ks_017,WEDNESDAY,PERIOD6,16
477,5,13,staff_ks_017,WEDNESDAY,PERIOD8,18
478,5,13,staff_ks_017,THURSDAY,PERIOD1,19
479,5,13,staff_ks_017,THURSDAY,PERIOD2,23
480,5,13,staff_ks_017,THURSDAY,PERIOD3,26
481,5,13,staff_ks_017,THURSDAY,PERIOD4,4
482,5,13,staff_ks_017,THURSDAY,PERIOD5,5
483,5,13,staff_ks_017,THURSDAY,PERIOD6,6
484,5,13,staff_ks_017,THURSDAY,PERIOD7,7
485,5,13,staff_ks_017,FRIDAY,PERIOD2,10
486,5,13,staff_ks_017,FRIDAY,PERIOD3,11
487,5,13,staff_ks_017,FRIDAY,PERIOD4,14
488,5,13,staff_ks_017,FRIDAY,PERIOD5,16
489,5,13,staff_ks_017,FRIDAY,PERIOD6,18
490,5,13,staff_ks_017,FRIDAY,PERIOD7,19
491,5,13,staff_ks_017,FRIDAY,PERIOD8,23
492,5,13,staff_ks_017,SATURDAY,PERIOD1,26
493,5,13,staff_ks_017,SATURDAY,PERIOD3,4
494,5,13,staff_ks_017,SATURDAY,PERIOD4,5
495,5,14,staff_ks_018,MONDAY,PERIOD1,4
496,5,14,staff_ks_018,MONDAY,PERIOD2,5
497,5,14,staff_ks_018,MONDAY,PERIOD3,6
498,5,14,staff_ks_018,MONDAY,PERIOD4,7
499,5,14,staff_ks_018,MONDAY,PERIOD5,10
500,5,14,staff_ks_018,MONDAY,PERIOD6,11
501,5,14,staff_ks_018,MONDAY,PERIOD8,14
502,5,14,staff_ks_018,TUESDAY,PERIOD1,16
503,5,14,staff_ks_018,TUESDAY,PERIOD2,18
504,5,14,staff_ks_018,TUESDAY,PERIOD3,19
505,5,14,staff_ks_018,TUESDAY,PERIOD4,23
506,5,14,staff_ks_018,TUESDAY,PERIOD5,26
507,5,14,staff_ks_018,TUESDAY,PERIOD7,4
508,5,14,staff_ks_018,TUESDAY,PERIOD8,5
509,5,14,staff_ks_018,WEDNESDAY,PERIOD1,6
510,5,14,staff_ks_018,WEDNESDAY,PERIOD2,7
511,5,14,staff_ks_018,WEDNESDAY,PERIOD3,10
512,5,14,staff_ks_018,WEDNESDAY,PERIOD4,11
513,5,14,staff_ks_018,WEDNESDAY,PERIOD6,14
514,5,14,staff_ks_018,WEDNESDAY,PERIOD7,16
515,5,14,staff_ks_018,WEDNESDAY,PERIOD8,18
516,5,14,staff_ks_018,THURSDAY,PERIOD2,19
517,5,14,staff_ks_018,THURSDAY,PERIOD3,23
518,5,14,staff_ks_018,THURSDAY,PERIOD4,26
519,5,14,staff_ks_018,THURSDAY,PERIOD5,4
520,5,14,staff_ks_018,THURSDAY,PERIOD6,5
521,5,14,staff_ks_018,THURSDAY,PERIOD7,6
522,5,14,staff_ks_018,THURSDAY,PERIOD8,7
523,5,14,staff_ks_018,FRIDAY,PERIOD2,10
524,5,14,staff_ks_018,FRIDAY,PERIOD3,11
525,5,14,staff_ks_018,FRIDAY,PERIOD4,14
526,5,14,staff_ks_018,FRIDAY,PERIOD5,16
527,5,14,staff_ks_018,FRIDAY,PERIOD6,18
528,5,14,staff_ks_018,FRIDAY,PERIOD7,19
529,5,14,staff_ks_018,FRIDAY,PERIOD8,23
530,5,14,staff_ks_018,SATURDAY,PERIOD2,26
531,5,14,staff_ks_018,SATURDAY,PERIOD3,4
532,5,14,staff_ks_018,SATURDAY,PERIOD4,5
533,6,15,staff_ks_019,MONDAY,PERIOD1,4
534,6,15,staff_ks_019,MONDAY,PERIOD2,5
535,6,15,staff_ks_019,MONDAY,PERIOD3,6
536,6,15,staff_ks_019,MONDAY,PERIOD4,7
537,6,15,staff_ks_019,MONDAY,PERIOD5,11
538,6,15,staff_ks_019,MONDAY,PERIOD6,12
539,6,15,staff_ks_019,MONDAY,PERIOD7,16
540,6,15,staff_ks_019,TUESDAY,PERIOD1,17
541,6,15,staff_ks_019,TUESDAY,PERIOD3,18
542,6,15,staff_ks_019,TUESDAY,PERIOD4,19
543,6,15,staff_ks_019,TUESDAY,PERIOD5,25
544,6,15,staff_ks_019,TUESDAY,PERIOD6,4
545,6,15,staff_ks_019,TUESDAY,PERIOD7,5
546,6,15,staff_ks_019,TUESDAY,PERIOD8,6
547,6,15,staff_ks_019,WEDNESDAY,PERIOD1,7
548,6,15,staff_ks_019,WEDNESDAY,PERIOD2,11
549,6,15,staff_ks_019,WEDNESDAY,PERIOD4,12
550,6,15,staff_ks_019,WEDNESDAY,PERIOD5,16
551,6,15,staff_ks_019,WEDNESDAY,PERIOD6,17
552,6,15,staff_ks_019,WEDNESDAY,PERIOD7,18
553,6,15,staff_ks_019,WEDNESDAY,PERIOD8,19
554,6,15,staff_ks_019,THURSDAY,PERIOD2,25
555,6,15,staff_ks_019,THURSDAY,PERIOD3,4
556,6,15,staff_ks_019,THURSDAY,PERIOD4,5
557,6,15,staff_ks_019,THURSDAY,PERIOD5,6
558,6,15,staff_ks_019,THURSDAY,PERIOD6,7
559,6,15,staff_ks_019,THURSDAY,PERIOD7,11
560,6,15,staff_ks_019,THURSDAY,PERIOD8,12
561,6,15,staff_ks_019,FRIDAY,PERIOD2,16
562,6,15,staff_ks_019,FRIDAY,PERIOD3,17
563,6,15,staff_ks_019,FRIDAY,PERIOD4,18
564,6,15,staff_ks_019,FRIDAY,PERIOD5,19
565,6,15,staff_ks_019,FRIDAY,PERIOD6,25
566,6,15,staff_ks_019,FRIDAY,PERIOD7,4
567,6,15,staff_ks_019,FRIDAY,PERIOD8,5
568,6,15,staff_ks_019,SATURDAY,PERIOD1,6
569,6,15,staff_ks_019,SATURDAY,PERIOD2,7
570,6,15,staff_ks_019,SATURDAY,PERIOD3,11
571,6,16,staff_ks_020,MONDAY,PERIOD1,4
572,6,16,staff_ks_020,MONDAY,PERIOD2,5
573,6,16,staff_ks_020,MONDAY,PERIOD3,6
574,6,16,staff_ks_020,MONDAY,PERIOD4,7
575,6,16,staff_ks_020,MONDAY,PERIOD5,11
576,6,16,staff_ks_020,MONDAY,PERIOD6,12
577,6,16,staff_ks_020,MONDAY,PERIOD8,16
578,6,16,staff_ks_020,TUESDAY,PERIOD1,17
579,6,16,staff_ks_020,TUESDAY,PERIOD3,18
580,6,16,staff_ks_020,TUESDAY,PERIOD4,19
581,6,16,staff_ks_020,TUESDAY,PERIOD5,25
582,6,16,staff_ks_020,TUESDAY,PERIOD6,4
583,6,16,staff_ks_020,TUESDAY,PERIOD7,5
584,6,16,staff_ks_020,TUESDAY,PERIOD8,6
585,6,16,staff_ks_020,WEDNESDAY,PERIOD1,7
586,6,16,staff_ks_020,WEDNESDAY,PERIOD2,11
587,6,16,staff_ks_020,WEDNESDAY,PERIOD3,12
588,6,16,staff_ks_020,WEDNESDAY,PERIOD4,16
589,6,16,staff_ks_020,WEDNESDAY,PERIOD5,17
590,6,16,staff_ks_020,WEDNESDAY,PERIOD6,18
591,6,16,staff_ks_020,WEDNESDAY,PERIOD8,19
592,6,16,staff_ks_020,THURSDAY,PERIOD1,25
593,6,16,staff_ks_020,THURSDAY,PERIOD2,4
594,6,16,staff_ks_020,THURSDAY,PERIOD3,5
595,6,16,staff_ks_020,THURSDAY,PERIOD4,6
596,6,16,staff_ks_020,THURSDAY,PERIOD5,7
597,6,16,staff_ks_020,THURSDAY,PERIOD6,11
598,6,16,staff_ks_020,THURSDAY,PERIOD8,12
599,6,16,staff_ks_020,FRIDAY,PERIOD1,16
600,6,16,staff_ks_020,FRIDAY,PERIOD3,17
601,6,16,staff_ks_020,FRIDAY,PERIOD4,18
602,6,16,staff_ks_020,FRIDAY,PERIOD5,19
603,6,16,staff_ks_020,FRIDAY,PERIOD6,25
604,6,16,staff_ks_020,FRIDAY,PERIOD7,4
605,6,16,staff_ks_020,FRIDAY,PERIOD8,5
606,6,16,staff_ks_020,SATURDAY,PERIOD2,6
607,6,16,staff_ks_020,SATURDAY,PERIOD3,7
608,6,16,staff_ks_020,SATURDAY,PERIOD4,11
609,6,17,staff_ks_022,MONDAY,PERIOD1,4
610,6,17,staff_ks_022,MONDAY,PERIOD2,5
611,6,17,staff_ks_022,MONDAY,PERIOD3,6
612,6,17,staff_ks_022,MONDAY,PERIOD5,7
613,6,17,staff_ks_022,MONDAY,PERIOD6,11
614,6,17,staff_ks_022,MONDAY,PERIOD7,12
615,6,17,staff_ks_022,MONDAY,PERIOD8,16
616,6,17,staff_ks_022,TUESDAY,PERIOD1,17
617,6,17,staff_ks_022,TUESDAY,PERIOD2,18
618,6,17,staff_ks_022,TUESDAY,PERIOD3,19
619,6,17,staff_ks_022,TUESDAY,PERIOD4,25
620,6,17,staff_ks_022,TUESDAY,PERIOD5,4
621,6,17,staff_ks_022,TUESDAY,PERIOD6,5
622,6,17,staff_ks_022,TUESDAY,PERIOD7,6
623,6,17,staff_ks_022,WEDNESDAY,PERIOD1,7
624,6,17,staff_ks_022,WEDNESDAY,PERIOD2,11
625,6,17,staff_ks_022,WEDNESDAY,PERIOD3,12
626,6,17,staff_ks_022,WEDNESDAY,PERIOD4,16
627,6,17,staff_ks_022,WEDNESDAY,PERIOD5,17
628,6,17,staff_ks_022,WEDNESDAY,PERIOD7,18
629,6,17,staff_ks_022,WEDNESDAY,PERIOD8,19
630,6,17,staff_ks_022,THURSDAY,PERIOD2,25
631,6,17,staff_ks_022,THURSDAY,PERIOD3,4
632,6,17,staff_ks_022,THURSDAY,PERIOD4,5
633,6,17,staff_ks_022,THURSDAY,PERIOD5,6
634,6,17,staff_ks_022,THURSDAY,PERIOD6,7
635,6,17,staff_ks_022,THURSDAY,PERIOD7,11
636,6,17,staff_ks_022,THURSDAY,PERIOD8,12
637,6,17,staff_ks_022,FRIDAY,PERIOD1,16
638,6,17,staff_ks_022,FRIDAY,PERIOD2,17
639,6,17,staff_ks_022,FRIDAY,PERIOD3,18
640,6,17,staff_ks_022,FRIDAY,PERIOD5,19
641,6,17,staff_ks_022,FRIDAY,PERIOD6,25
642,6,17,staff_ks_022,FRIDAY,PERIOD7,4
643,6,17,staff_ks_022,FRIDAY,PERIOD8,5
644,6,17,staff_ks_022,SATURDAY,PERIOD1,6
645,6,17,staff_ks_022,SATURDAY,PERIOD3,7
646,6,17,staff_ks_022,SATURDAY,PERIOD4,11
647,6,18,staff_ks_025,MONDAY,PERIOD1,4
648,6,18,staff_ks_025,MONDAY,PERIOD2,5
649,6,18,staff_ks_025,MONDAY,PERIOD4,6
650,6,18,staff_ks_025,MONDAY,PERIOD5,7
651,6,18,staff_ks_025,MONDAY,PERIOD6,11
652,6,18,staff_ks_025,MONDAY,PERIOD7,12
653,6,18,staff_ks_025,MONDAY,PERIOD8,16
654,6,18,staff_ks_025,TUESDAY,PERIOD2,17
655,6,18,staff_ks_025,TUESDAY,PERIOD3,18
656,6,18,staff_ks_025,TUESDAY,PERIOD4,19
657,6,18,staff_ks_025,TUESDAY,PERIOD5,25
658,6,18,staff_ks_025,TUESDAY,PERIOD6,4
659,6,18,staff_ks_025,TUESDAY,PERIOD7,5
660,6,18,staff_ks_025,TUESDAY,PERIOD8,6
661,6,18,staff_ks_025,WEDNESDAY,PERIOD2,7
662,6,18,staff_ks_025,WEDNESDAY,PERIOD3,11
663,6,18,staff_ks_025,WEDNESDAY,PERIOD4,12
664,6,18,staff_ks_025,WEDNESDAY,PERIOD5,16
665,6,18,staff_ks_025,WEDNESDAY,PERIOD6,17
666,6,18,staff_ks_025,WEDNESDAY,PERIOD7,18
667,6,18,staff_ks_025,WEDNESDAY,PERIOD8,19
668,6,18,staff_ks_025,THURSDAY,PERIOD1,25
669,6,18,staff_ks_025,THURSDAY,PERIOD2,4
670,6,18,staff_ks_025,THURSDAY,PERIOD3,5
671,6,18,staff_ks_025,THURSDAY,PERIOD4,6
672,6,18,staff_ks_025,THURSDAY,PERIOD5,7
673,6,18,staff_ks_025,THURSDAY,PERIOD7,11
674,6,18,staff_ks_025,THURSDAY,PERIOD8,12
675,6,18,staff_ks_025,FRIDAY,PERIOD2,16
676,6,18,staff_ks_025,FRIDAY,PERIOD3,17
677,6,18,staff_ks_025,FRIDAY,PERIOD4,18
678,6,18,staff_ks_025,FRIDAY,PERIOD5,19
679,6,18,staff_ks_025,FRIDAY,PERIOD6,25
680,6,18,staff_ks_025,FRIDAY,PERIOD7,4
681,6,18,staff_ks_025,FRIDAY,PERIOD8,5
682,6,18,staff_ks_025,SATURDAY,PERIOD2,6
683,6,18,staff_ks_025,SATURDAY,PERIOD3,7
684,6,18,staff_ks_025,SATURDAY,PERIOD4,11
685,7,19,staff_ks_028,MONDAY,PERIOD2,4
686,7,19,staff_ks_028,MONDAY,PERIOD3,5
687,7,19,staff_ks_028,MONDAY,PERIOD4,6
688,7,19,staff_ks_028,MONDAY,PERIOD5,7
689,7,19,staff_ks_028,MONDAY,PERIOD6,11
690,7,19,staff_ks_028,MONDAY,PERIOD7,12
691,7,19,staff_ks_028,MONDAY,PERIOD8,16
692,7,19,staff_ks_028,TUESDAY,PERIOD1,17
693,7,19,staff_ks_028,TUESDAY,PERIOD2,18
694,7,19,staff_ks_028,TUESDAY,PERIOD3,19
695,7,19,staff_ks_028,TUESDAY,PERIOD4,25
696,7,19,staff_ks_028,TUESDAY,PERIOD5,4
697,7,19,staff_ks_028,TUESDAY,PERIOD6,5
698,7,19,staff_ks_028,TUESDAY,PERIOD7,6
699,7,19,staff_ks_028,WEDNESDAY,PERIOD1,7
700,7,19,staff_ks_028,WEDNESDAY,PERIOD2,11
701,7,19,staff_ks_028,WEDNESDAY,PERIOD3,12
702,7,19,staff_ks_028,WEDNESDAY,PERIOD4,16
703,7,19,staff_ks_028,WEDNESDAY,PERIOD5,17
704,7,19,staff_ks_028,WEDNESDAY,PERIOD6,18
705,7,19,staff_ks_028,WEDNESDAY,PERIOD8,19
706,7,19,staff_ks_028,THURSDAY,PERIOD1,25
707,7,19,staff_ks_028,THURSDAY,PERIOD3,4
708,7,19,staff_ks_028,THURSDAY,PERIOD4,5
709,7,19,staff_ks_028,THURSDAY,PERIOD5,6
710,7,19,staff_ks_028,THURSDAY,PERIOD6,7
711,7,19,staff_ks_028,THURSDAY,PERIOD7,11
712,7,19,staff_ks_028,THURSDAY,PERIOD8,12
713,7,19,staff_ks_028,FRIDAY,PERIOD1,16
714,7,19,staff_ks_028,FRIDAY,PERIOD2,17
715,7,19,staff_ks_028,FRIDAY,PERIOD3,18
716,7,19,staff_ks_028,FRIDAY,PERIOD5,19
717,7,19,staff_ks_028,FRIDAY,PERIOD6,25
718,7,19,staff_ks_028,FRIDAY,PERIOD7,4
719,7,19,staff_ks_028,FRIDAY,PERIOD8,5
720,7,19,staff_ks_028,SATURDAY,PERIOD1,6
721,7,19,staff_ks_028,SATURDAY,PERIOD2,7
722,7,19,staff_ks_028,SATURDAY,PERIOD4,11
723,7,20,staff_ks_029,MONDAY,PERIOD1,4
724,7,20,staff_ks_029,MONDAY,PERIOD2,5
725,7,20,staff_ks_029,MONDAY,PERIOD3,6
726,7,20,staff_ks_029,MONDAY,PERIOD4,7
727,7,20,staff_ks_029,MONDAY,PERIOD6,11
728,7,20,staff_ks_029,MONDAY,PERIOD7,12
729,7,20,staff_ks_029,MONDAY,PERIOD8,16
730,7,20,staff_ks_029,TUESDAY,PERIOD2,17
731,7,20,staff_ks_029,TUESDAY,PERIOD3,18
732,7,20,staff_ks_029,TUESDAY,PERIOD4,19
733,7,20,staff_ks_029,TUESDAY,PERIOD5,25
734,7,20,staff_ks_029,TUESDAY,PERIOD6,4
735,7,20,staff_ks_029,TUESDAY,PERIOD7,5
736,7,20,staff_ks_029,TUESDAY,PERIOD8,6
737,7,20,staff_ks_029,WEDNESDAY,PERIOD1,7
738,7,20,staff_ks_029,WEDNESDAY,PERIOD2,11
739,7,20,staff_ks_029,WEDNESDAY,PERIOD4,12
740,7,20,staff_ks_029,WEDNESDAY,PERIOD5,16
741,7,20,staff_ks_029,WEDNESDAY,PERIOD6,17
742,7,20,staff_ks_029,WEDNESDAY,PERIOD7,18
743,7,20,staff_ks_029,WEDNESDAY,PERIOD8,19
744,7,20,staff_ks_029,THURSDAY,PERIOD1,25
745,7,20,staff_ks_029,THURSDAY,PERIOD2,4
746,7,20,staff_ks_029,THURSDAY,PERIOD3,5
747,7,20,staff_ks_029,THURSDAY,PERIOD4,6
748,7,20,staff_ks_029,THURSDAY,PERIOD5,7
749,7,20,staff_ks_029,THURSDAY,PERIOD7,11
750,7,20,staff_ks_029,THURSDAY,PERIOD8,12
751,7,20,staff_ks_029,FRIDAY,PERIOD2,16
752,7,20,staff_ks_029,FRIDAY,PERIOD3,17
753,7,20,staff_ks_029,FRIDAY,PERIOD4,18
754,7,20,staff_ks_029,FRIDAY,PERIOD5,19
755,7,20,staff_ks_029,FRIDAY,PERIOD6,25
756,7,20,staff_ks_029,FRIDAY,PERIOD7,4
757,7,20,staff_ks_029,FRIDAY,PERIOD8,5
758,7,20,staff_ks_029,SATURDAY,PERIOD1,6
759,7,20,staff_ks_029,SATURDAY,PERIOD2,7
760,7,20,staff_ks_029,SATURDAY,PERIOD4,11
761,7,21,staff_ks_030,MONDAY,PERIOD1,4
762,7,21,staff_ks_030,MONDAY,PERIOD2,5
763,7,21,staff_ks_030,MONDAY,PERIOD3,6
764,7,21,staff_ks_030,MONDAY,PERIOD4,7
765,7,21,staff_ks_030,MONDAY,PERIOD5,11
766,7,21,staff_ks_030,MONDAY,PERIOD7,12
767,7,21,staff_ks_030,MONDAY,PERIOD8,16
768,7,21,staff_ks_030,TUESDAY,PERIOD1,17
769,7,21,staff_ks_030,TUESDAY,PERIOD2,18
770,7,21,staff_ks_030,TUESDAY,PERIOD3,19
771,7,21,staff_ks_030,TUESDAY,PERIOD5,25
772,7,21,staff_ks_030,TUESDAY,PERIOD6,4
773,7,21,staff_ks_030,TUESDAY,PERIOD7,5
774,7,21,staff_ks_030,TUESDAY,PERIOD8,6
775,7,21,staff_ks_030,WEDNESDAY,PERIOD1,7
776,7,21,staff_ks_030,WEDNESDAY,PERIOD2,11
777,7,21,staff_ks_030,WEDNESDAY,PERIOD3,12
778,7,21,staff_ks_030,WEDNESDAY,PERIOD4,16
779,7,21,staff_ks_030,WEDNESDAY,PERIOD6,17
780,7,21,staff_ks_030,WEDNESDAY,PERIOD7,18
781,7,21,staff_ks_030,WEDNESDAY,PERIOD8,19
782,7,21,staff_ks_030,THURSDAY,PERIOD1,25
783,7,21,staff_ks_030,THURSDAY,PERIOD2,4
784,7,21,staff_ks_030,THURSDAY,PERIOD3,5
785,7,21,staff_ks_030,THURSDAY,PERIOD4,6
786,7,21,staff_ks_030,THURSDAY,PERIOD5,7
787,7,21,staff_ks_030,THURSDAY,PERIOD7,11
788,7,21,staff_ks_030,THURSDAY,PERIOD8,12
789,7,21,staff_ks_030,FRIDAY,PERIOD1,16
790,7,21,staff_ks_030,FRIDAY,PERIOD2,17
791,7,21,staff_ks_030,FRIDAY,PERIOD3,18
792,7,21,staff_ks_030,FRIDAY,PERIOD4,19
793,7,21,staff_ks_030,FRIDAY,PERIOD5,25
794,7,21,staff_ks_030,FRIDAY,PERIOD7,4
795,7,21,staff_ks_030,FRIDAY,PERIOD8,5
796,7,21,staff_ks_030,SATURDAY,PERIOD1,6
797,7,21,staff_ks_030,SATURDAY,PERIOD3,7
798,7,21,staff_ks_030,SATURDAY,PERIOD4,11
799,7,22,staff_ks_032,MONDAY,PERIOD1,4
800,7,22,staff_ks_032,MONDAY,PERIOD3,5
801,7,22,staff_ks_032,MONDAY,PERIOD4,6
802,7,22,staff_ks_032,MONDAY,PERIOD5,7
803,7,22,staff_ks_032,MONDAY,PERIOD6,11
804,7,22,staff_ks_032,MONDAY,PERIOD7,12
805,7,22,staff_ks_032,MONDAY,PERIOD8,16
806,7,22,staff_ks_032,TUESDAY,PERIOD1,17
807,7,22,staff_ks_032,TUESDAY,PERIOD2,18
808,7,22,staff_ks_032,TUESDAY,PERIOD3,19
809,7,22,staff_ks_032,TUESDAY,PERIOD4,25
810,7,22,staff_ks_032,TUESDAY,PERIOD5,4
811,7,22,staff_ks_032,TUESDAY,PERIOD7,5
812,7,22,staff_ks_032,TUESDAY,PERIOD8,6
813,7,22,staff_ks_032,WEDNESDAY,PERIOD1,7
814,7,22,staff_ks_032,WEDNESDAY,PERIOD2,11
815,7,22,staff_ks_032,WEDNESDAY,PERIOD4,12
816,7,22,staff_ks_032,WEDNESDAY,PERIOD5,16
817,7,22,staff_ks_032,WEDNESDAY,PERIOD6,17
818,7,22,staff_ks_032,WEDNESDAY,PERIOD7,18
819,7,22,staff_ks_032,WEDNESDAY,PERIOD8,19
820,7,22,staff_ks_032,THURSDAY,PERIOD1,25
821,7,22,staff_ks_032,THURSDAY,PERIOD2,4
822,7,22,staff_ks_032,THURSDAY,PERIOD3,5
823,7,22,staff_ks_032,THURSDAY,PERIOD4,6
824,7,22,staff_ks_032,THURSDAY,PERIOD6,7
825,7,22,staff_ks_032,THURSDAY,PERIOD7,11
826,7,22,staff_ks_032,THURSDAY,PERIOD8,12
827,7,22,staff_ks_032,FRIDAY,PERIOD1,16
828,7,22,staff_ks_032,FRIDAY,PERIOD2,17
829,7,22,staff_ks_032,FRIDAY,PERIOD3,18
830,7,22,staff_ks_032,FRIDAY,PERIOD4,19
831,7,22,staff_ks_032,FRIDAY,PERIOD6,25
832,7,22,staff_ks_032,FRIDAY,PERIOD7,4
833,7,22,staff_ks_032,FRIDAY,PERIOD8,5
834,7,22,staff_ks_032,SATURDAY,PERIOD1,6
835,7,22,staff_ks_032,SATURDAY,PERIOD2,7
836,7,22,staff_ks_032,SATURDAY,PERIOD4,11
837,8,23,staff_ks_033,MONDAY,PERIOD2,4
838,8,23,staff_ks_033,MONDAY,PERIOD3,5
839,8,23,staff_ks_033,MONDAY,PERIOD4,6
840,8,23,staff_ks_033,MONDAY,PERIOD5,7
841,8,23,staff_ks_033,MONDAY,PERIOD6,11
842,8,23,staff_ks_033,MONDAY,PERIOD7,12
843,8,23,staff_ks_033,MONDAY,PERIOD8,16
844,8,23,staff_ks_033,TUESDAY,PERIOD1,17
845,8,23,staff_ks_033,TUESDAY,PERIOD2,18
846,8,23,staff_ks_033,TUESDAY,PERIOD4,19
847,8,23,staff_ks_033,TUESDAY,PERIOD5,25
848,8,23,staff_ks_033,TUESDAY,PERIOD6,4
849,8,23,staff_ks_033,TUESDAY,PERIOD7,5
850,8,23,staff_ks_033,TUESDAY,PERIOD8,6
851,8,23,staff_ks_033,WEDNESDAY,PERIOD1,7
852,8,23,staff_ks_033,WEDNESDAY,PERIOD2,11
853,8,23,staff_ks_033,WEDNESDAY,PERIOD3,12
854,8,23,staff_ks_033,WEDNESDAY,PERIOD5,16
855,8,23,staff_ks_033,WEDNESDAY,PERIOD6,17
856,8,23,staff_ks_033,WEDNESDAY,PERIOD7,18
857,8,23,staff_ks_033,WEDNESDAY,PERIOD8,19
858,8,23,staff_ks_033,THURSDAY,PERIOD1,25
859,8,23,staff_ks_033,THURSDAY,PERIOD2,4
860,8,23,staff_ks_033,THURSDAY,PERIOD3,5
861,8,23,staff_ks_033,THURSDAY,PERIOD4,6
862,8,23,staff_ks_033,THURSDAY,PERIOD5,7
863,8,23,staff_ks_033,THURSDAY,PERIOD7,11
864,8,23,staff_ks_033,THURSDAY,PERIOD8,12
865,8,23,staff_ks_033,FRIDAY,PERIOD1,16
866,8,23,staff_ks_033,FRIDAY,PERIOD2,17
867,8,23,staff_ks_033,FRIDAY,PERIOD4,18
868,8,23,staff_ks_033,FRIDAY,PERIOD5,19
869,8,23,staff_ks_033,FRIDAY,PERIOD6,25
870,8,23,staff_ks_033,FRIDAY,PERIOD7,4
871,8,23,staff_ks_033,FRIDAY,PERIOD8,5
872,8,23,staff_ks_033,SATURDAY,PERIOD1,6
873,8,23,staff_ks_033,SATURDAY,PERIOD3,7
874,8,23,staff_ks_033,SATURDAY,PERIOD4,11
875,8,24,staff_ks_034,MONDAY,PERIOD1,4
876,8,24,staff_ks_034,MONDAY,PERIOD2,5
877,8,24,staff_ks_034,MONDAY,PERIOD4,6
878,8,24,staff_ks_034,MONDAY,PERIOD5,7
879,8,24,staff_ks_034,MONDAY,PERIOD6,11
880,8,24,staff_ks_034,MONDAY,PERIOD7,12
881,8,24,staff_ks_034,MONDAY,PERIOD8,16
882,8,24,staff_ks_034,TUESDAY,PERIOD1,17
883,8,24,staff_ks_034,TUESDAY,PERIOD3,18
884,8,24,staff_ks_034,TUESDAY,PERIOD4,19
885,8,24,staff_ks_034,TUESDAY,PERIOD5,25
886,8,24,staff_ks_034,TUESDAY,PERIOD6,4
887,8,24,staff_ks_034,TUESDAY,PERIOD7,5
888,8,24,staff_ks_034,TUESDAY,PERIOD8,6
889,8,24,staff_ks_034,WEDNESDAY,PERIOD1,7
890,8,24,staff_ks_034,WEDNESDAY,PERIOD3,11
891,8,24,staff_ks_034,WEDNESDAY,PERIOD4,12
892,8,24,staff_ks_034,WEDNESDAY,PERIOD5,16
893,8,24,staff_ks_034,WEDNESDAY,PERIOD6,17
894,8,24,staff_ks_034,WEDNESDAY,PERIOD7,18
895,8,24,staff_ks_034,WEDNESDAY,PERIOD8,19
896,8,24,staff_ks_034,THURSDAY,PERIOD1,25
897,8,24,staff_ks_034,THURSDAY,PERIOD2,4
898,8,24,staff_ks_034,THURSDAY,PERIOD3,5
899,8,24,staff_ks_034,THURSDAY,PERIOD4,6
900,8,24,staff_ks_034,THURSDAY,PERIOD5,7
901,8,24,staff_ks_034,THURSDAY,PERIOD6,11
902,8,24,staff_ks_034,THURSDAY,PERIOD8,12
903,8,24,staff_ks_034,FRIDAY,PERIOD1,16
904,8,24,staff_ks_034,FRIDAY,PERIOD2,17
905,8,24,staff_ks_034,FRIDAY,PERIOD4,18
906,8,24,staff_ks_034,FRIDAY,PERIOD5,19
907,8,24,staff_ks_034,FRIDAY,PERIOD6,25
908,8,24,staff_ks_034,FRIDAY,PERIOD7,4
909,8,24,staff_ks_034,FRIDAY,PERIOD8,5
910,8,24,staff_ks_034,SATURDAY,PERIOD2,6
911,8,24,staff_ks_034,SATURDAY,PERIOD3,7
912,8,24,staff_ks_034,SATURDAY,PERIOD4,11
913,8,25,staff_ks_036,MONDAY,PERIOD1,4
914,8,25,staff_ks_036,MONDAY,PERIOD2,5
915,8,25,staff_ks_036,MONDAY,PERIOD3,6
916,8,25,staff_ks_036,MONDAY,PERIOD4,7
917,8,25,staff_ks_036,MONDAY,PERIOD5,11
918,8,25,staff_ks_036,MONDAY,PERIOD7,12
919,8,25,staff_ks_036,MONDAY,PERIOD8,16
920,8,25,staff_ks_036,TUESDAY,PERIOD1,17
921,8,25,staff_ks_036,TUESDAY,PERIOD2,18
922,8,25,staff_ks_036,TUESDAY,PERIOD4,19
923,8,25,staff_ks_036,TUESDAY,PERIOD5,25
924,8,25,staff_ks_036,TUESDAY,PERIOD6,4
925,8,25,staff_ks_036,TUESDAY,PERIOD7,5
926,8,25,staff_ks_036,TUESDAY,PERIOD8,6
927,8,25,staff_ks_036,WEDNESDAY,PERIOD1,7
928,8,25,staff_ks_036,WEDNESDAY,PERIOD2,11
929,8,25,staff_ks_036,WEDNESDAY,PERIOD3,12
930,8,25,staff_ks_036,WEDNESDAY,PERIOD4,16
931,8,25,staff_ks_036,WEDNESDAY,PERIOD5,17
932,8,25,staff_ks_036,WEDNESDAY,PERIOD6,18
933,8,25,staff_ks_036,WEDNESDAY,PERIOD8,19
934,8,25,staff_ks_036,THURSDAY,PERIOD1,25
935,8,25,staff_ks_036,THURSDAY,PERIOD3,4
936,8,25,staff_ks_036,THURSDAY,PERIOD4,5
937,8,25,staff_ks_036,THURSDAY,PERIOD5,6
938,8,25,staff_ks_036,THURSDAY,PERIOD6,7
939,8,25,staff_ks_036,THURSDAY,PERIOD7,11
940,8,25,staff_ks_036,THURSDAY,PERIOD8,12
941,8,25,staff_ks_036,FRIDAY,PERIOD1,16
942,8,25,staff_ks_036,FRIDAY,PERIOD2,17
943,8,25,staff_ks_036,FRIDAY,PERIOD3,18
944,8,25,staff_ks_036,FRIDAY,PERIOD4,19
945,8,25,staff_ks_036,FRIDAY,PERIOD5,25
946,8,25,staff_ks_036,FRIDAY,PERIOD7,4
947,8,25,staff_ks_036,FRIDAY,PERIOD8,5
948,8,25,staff_ks_036,SATURDAY,PERIOD2,6
949,8,25,staff_ks_036,SATURDAY,PERIOD3,7
950,8,25,staff_ks_036,SATURDAY,PERIOD4,11
951,8,26,staff_ks_037,MONDAY,PERIOD1,4
952,8,26,staff_ks_037,MONDAY,PERIOD2,5
953,8,26,staff_ks_037,MONDAY,PERIOD3,6
954,8,26,staff_ks_037,MONDAY,PERIOD4,7
955,8,26,staff_ks_037,MONDAY,PERIOD5,11
956,8,26,staff_ks_037,MONDAY,PERIOD6,12
957,8,26,staff_ks_037,MONDAY,PERIOD8,16
958,8,26,staff_ks_037,TUESDAY,PERIOD1,17
959,8,26,staff_ks_037,TUESDAY,PERIOD2,18
960,8,26,staff_ks_037,TUESDAY,PERIOD3,19
961,8,26,staff_ks_037,TUESDAY,PERIOD4,25
962,8,26,staff_ks_037,TUESDAY,PERIOD6,4
963,8,26,staff_ks_037,TUESDAY,PERIOD7,5
964,8,26,staff_ks_037,TUESDAY,PERIOD8,6
965,8,26,staff_ks_037,WEDNESDAY,PERIOD1,7
966,8,26,staff_ks_037,WEDNESDAY,PERIOD3,11
967,8,26,staff_ks_037,WEDNESDAY,PERIOD4,12
968,8,26,staff_ks_037,WEDNESDAY,PERIOD5,16
969,8,26,staff_ks_037,WEDNESDAY,PERIOD6,17
970,8,26,staff_ks_037,WEDNESDAY,PERIOD7,18
971,8,26,staff_ks_037,WEDNESDAY,PERIOD8,19
972,8,26,staff_ks_037,THURSDAY,PERIOD1,25
973,8,26,staff_ks_037,THURSDAY,PERIOD3,4
974,8,26,staff_ks_037,THURSDAY,PERIOD4,5
975,8,26,staff_ks_037,THURSDAY,PERIOD5,6
976,8,26,staff_ks_037,THURSDAY,PERIOD6,7
977,8,26,staff_ks_037,THURSDAY,PERIOD7,11
978,8,26,staff_ks_037,THURSDAY,PERIOD8,12
979,8,26,staff_ks_037,FRIDAY,PERIOD1,16
980,8,26,staff_ks_037,FRIDAY,PERIOD2,17
981,8,26,staff_ks_037,FRIDAY,PERIOD3,18
982,8,26,staff_ks_037,FRIDAY,PERIOD4,19
983,8,26,staff_ks_037,FRIDAY,PERIOD6,25
984,8,26,staff_ks_037,FRIDAY,PERIOD7,4
985,8,26,staff_ks_037,FRIDAY,PERIOD8,5
986,8,26,staff_ks_037,SATURDAY,PERIOD1,6
987,8,26,staff_ks_037,SATURDAY,PERIOD2,7
988,8,26,staff_ks_037,SATURDAY,PERIOD4,11
989,9,27,staff_ks_038,MONDAY,PERIOD2,1
990,9,27,staff_ks_038,MONDAY,PERIOD3,2
991,9,27,staff_ks_038,MONDAY,PERIOD4,4
992,9,27,staff_ks_038,MONDAY,PERIOD5,5
993,9,27,staff_ks_038,MONDAY,PERIOD6,6
994,9,27,staff_ks_038,MONDAY,PERIOD7,7
995,9,27,staff_ks_038,MONDAY,PERIOD8,11
996,9,27,staff_ks_038,TUESDAY,PERIOD1,13
997,9,27,staff_ks_038,TUESDAY,PERIOD2,15
998,9,27,staff_ks_038,TUESDAY,PERIOD3,16
999,9,27,staff_ks_038,TUESDAY,PERIOD4,17
1000,9,27,staff_ks_038,TUESDAY,PERIOD5,18
1001,9,27,staff_ks_038,TUESDAY,PERIOD6,19
1002,9,27,staff_ks_038,TUESDAY,PERIOD8,22
1003,9,27,staff_ks_038,WEDNESDAY,PERIOD1,1
1004,9,27,staff_ks_038,WEDNESDAY,PERIOD2,2
1005,9,27,staff_ks_038,WEDNESDAY,PERIOD3,4
1006,9,27,staff_ks_038,WEDNESDAY,PERIOD4,5
1007,9,27,staff_ks_038,WEDNESDAY,PERIOD5,6
1008,9,27,staff_ks_038,WEDNESDAY,PERIOD6,7
1009,9,27,staff_ks_038,WEDNESDAY,PERIOD7,11
1010,9,27,staff_ks_038,THURSDAY,PERIOD1,13
1011,9,27,staff_ks_038,THURSDAY,PERIOD2,15
1012,9,27,staff_ks_038,THURSDAY,PERIOD3,16
1013,9,27,staff_ks_038,THURSDAY,PERIOD4,17
1014,9,27,staff_ks_038,THURSDAY,PERIOD5,18
1015,9,27,staff_ks_038,THURSDAY,PERIOD7,19
1016,9,27,staff_ks_038,THURSDAY,PERIOD8,22
1017,9,27,staff_ks_038,FRIDAY,PERIOD1,1
1018,9,27,staff_ks_038,FRIDAY,PERIOD2,2
1019,9,27,staff_ks_038,FRIDAY,PERIOD3,4
1020,9,27,staff_ks_038,FRIDAY,PERIOD4,5
1021,9,27,staff_ks_038,FRIDAY,PERIOD6,6
1022,9,27,staff_ks_038,FRIDAY,PERIOD7,7
1023,9,27,staff_ks_038,FRIDAY,PERIOD8,11
1024,9,27,staff_ks_038,SATURDAY,PERIOD2,13
1025,9,27,staff_ks_038,SATURDAY,PERIOD3,15
1026,9,27,staff_ks_038,SATURDAY,PERIOD4,16
1027,9,28,staff_ks_039,MONDAY,PERIOD1,1
1028,9,28,staff_ks_039,MONDAY,PERIOD2,2
1029,9,28,staff_ks_039,MONDAY,PERIOD3,4
1030,9,28,staff_ks_039,MONDAY,PERIOD4,5
1031,9,28,staff_ks_039,MONDAY,PERIOD5,6
1032,9,28,staff_ks_039,MONDAY,PERIOD6,7
1033,9,28,staff_ks_039,MONDAY,PERIOD8,11
1034,9,28,staff_ks_039,TUESDAY,PERIOD1,13
1035,9,28,staff_ks_039,TUESDAY,PERIOD3,15
1036,9,28,staff_ks_039,TUESDAY,PERIOD4,16
1037,9,28,staff_ks_039,TUESDAY,PERIOD5,17
1038,9,28,staff_ks_039,TUESDAY,PERIOD6,18
1039,9,28,staff_ks_039,TUESDAY,PERIOD7,19
1040,9,28,staff_ks_039,TUESDAY,PERIOD8,22
1041,9,28,staff_ks_039,WEDNESDAY,PERIOD1,1
1042,9,28,staff_ks_039,WEDNESDAY,PERIOD2,2
1043,9,28,staff_ks_039,WEDNESDAY,PERIOD4,4
1044,9,28,staff_ks_039,WEDNESDAY,PERIOD5,5
1045,9,28,staff_ks_039,WEDNESDAY,PERIOD6,6
1046,9,28,staff_ks_039,WEDNESDAY,PERIOD7,7
1047,9,28,staff_ks_039,WEDNESDAY,PERIOD8,11
1048,9,28,staff_ks_039,THURSDAY,PERIOD1,13
1049,9,28,staff_ks_039,THURSDAY,PERIOD2,15
1050,9,28,staff_ks_039,THURSDAY,PERIOD3,16
1051,9,28,staff_ks_039,THURSDAY,PERIOD5,17
1052,9,28,staff_ks_039,THURSDAY,PERIOD6,18
1053,9,28,staff_ks_039,THURSDAY,PERIOD7,19
1054,9,28,staff_ks_039,THURSDAY,PERIOD8,22
1055,9,28,staff_ks_039,FRIDAY,PERIOD1,1
1056,9,28,staff_ks_039,FRIDAY,PERIOD2,2
1057,9,28,staff_ks_039,FRIDAY,PERIOD4,4
1058,9,28,staff_ks_039,FRIDAY,PERIOD5,5
1059,9,28,staff_ks_039,FRIDAY,PERIOD6,6
1060,9,28,staff_ks_039,FRIDAY,PERIOD7,7
1061,9,28,staff_ks_039,FRIDAY,PERIOD8,11
1062,9,28,staff_ks_039,SATURDAY,PERIOD1,13
1063,9,28,staff_ks_039,SATURDAY,PERIOD2,15
1064,9,28,staff_ks_039,SATURDAY,PERIOD4,16
1065,9,29,staff_ks_040,MONDAY,PERIOD1,1
1066,9,29,staff_ks_040,MONDAY,PERIOD2,2
1067,9,29,staff_ks_040,MONDAY,PERIOD3,4
1068,9,29,staff_ks_040,MONDAY,PERIOD4,5
1069,9,29,staff_ks_040,MONDAY,PERIOD5,6
1070,9,29,staff_ks_040,MONDAY,PERIOD6,7
1071,9,29,staff_ks_040,MONDAY,PERIOD7,11
1072,9,29,staff_ks_040,TUESDAY,PERIOD2,13
1073,9,29,staff_ks_040,TUESDAY,PERIOD3,15
1074,9,29,staff_ks_040,TUESDAY,PERIOD4,16
1075,9,29,staff_ks_040,TUESDAY,PERIOD5,17
1076,9,29,staff_ks_040,TUESDAY,PERIOD6,18
1077,9,29,staff_ks_040,TUESDAY,PERIOD7,19
1078,9,29,staff_ks_040,TUESDAY,PERIOD8,22
1079,9,29,staff_ks_040,WEDNESDAY,PERIOD1,1
1080,9,29,staff_ks_040,WEDNESDAY,PERIOD2,2
1081,9,29,staff_ks_040,WEDNESDAY,PERIOD3,4
1082,9,29,staff_ks_040,WEDNESDAY,PERIOD4,5
1083,9,29,staff_ks_040,WEDNESDAY,PERIOD5,6
1084,9,29,staff_ks_040,WEDNESDAY,PERIOD6,7
1085,9,29,staff_ks_040,WEDNESDAY,PERIOD8,11
1086,9,29,staff_ks_040,THURSDAY,PERIOD1,13
1087,9,29,staff_ks_040,THURSDAY,PERIOD3,15
1088,9,29,staff_ks_040,THURSDAY,PERIOD4,16
1089,9,29,staff_ks_040,THURSDAY,PERIOD5,17
1090,9,29,staff_ks_040,THURSDAY,PERIOD6,18
1091,9,29,staff_ks_040,THURSDAY,PERIOD7,19
1092,9,29,staff_ks_040,THURSDAY,PERIOD8,22
1093,9,29,staff_ks_040,FRIDAY,PERIOD1,1
1094,9,29,staff_ks_040,FRIDAY,PERIOD2,2
1095,9,29,staff_ks_040,FRIDAY,PERIOD3,4
1096,9,29,staff_ks_040,FRIDAY,PERIOD4,5
1097,9,29,staff_ks_040,FRIDAY,PERIOD5,6
1098,9,29,staff_ks_040,FRIDAY,PERIOD7,7
1099,9,29,staff_ks_040,FRIDAY,PERIOD8,11
1100,9,29,staff_ks_040,SATURDAY,PERIOD2,13
1101,9,29,staff_ks_040,SATURDAY,PERIOD3,15
1102,9,29,staff_ks_040,SATURDAY,PERIOD4,16
1103,9,30,staff_ks_041,MONDAY,PERIOD1,1
1104,9,30,staff_ks_041,MONDAY,PERIOD2,2
1105,9,30,staff_ks_041,MONDAY,PERIOD3,4
1106,9,30,staff_ks_041,MONDAY,PERIOD4,5
1107,9,30,staff_ks_041,MONDAY,PERIOD5,6
1108,9,30,staff_ks_041,MONDAY,PERIOD6,7
1109,9,30,staff_ks_041,MONDAY,PERIOD8,11
1110,9,30,staff_ks_041,TUESDAY,PERIOD1,13
1111,9,30,staff_ks_041,TUESDAY,PERIOD2,15
1112,9,30,staff_ks_041,TUESDAY,PERIOD4,16
1113,9,30,staff_ks_041,TUESDAY,PERIOD5,17
1114,9,30,staff_ks_041,TUESDAY,PERIOD6,18
1115,9,30,staff_ks_041,TUESDAY,PERIOD7,19
1116,9,30,staff_ks_041,TUESDAY,PERIOD8,22
1117,9,30,staff_ks_041,WEDNESDAY,PERIOD1,1
1118,9,30,staff_ks_041,WEDNESDAY,PERIOD2,2
1119,9,30,staff_ks_041,WEDNESDAY,PERIOD3,4
1120,9,30,staff_ks_041,WEDNESDAY,PERIOD4,5
1121,9,30,staff_ks_041,WEDNESDAY,PERIOD5,6
1122,9,30,staff_ks_041,WEDNESDAY,PERIOD6,7
1123,9,30,staff_ks_041,WEDNESDAY,PERIOD7,11
1124,9,30,staff_ks_041,THURSDAY,PERIOD1,13
1125,9,30,staff_ks_041,THURSDAY,PERIOD2,15
1126,9,30,staff_ks_041,THURSDAY,PERIOD3,16
1127,9,30,staff_ks_041,THURSDAY,PERIOD4,17
1128,9,30,staff_ks_041,THURSDAY,PERIOD6,18
1129,9,30,staff_ks_041,THURSDAY,PERIOD7,19
1130,9,30,staff_ks_041,THURSDAY,PERIOD8,22
1131,9,30,staff_ks_041,FRIDAY,PERIOD1,1
1132,9,30,staff_ks_041,FRIDAY,PERIOD2,2
1133,9,30,staff_ks_041,FRIDAY,PERIOD3,4
1134,9,30,staff_ks_041,FRIDAY,PERIOD4,5
1135,9,30,staff_ks_041,FRIDAY,PERIOD5,6
1136,9,30,staff_ks_041,FRIDAY,PERIOD6,7
1137,9,30,staff_ks_041,FRIDAY,PERIOD8,11
1138,9,30,staff_ks_041,SATURDAY,PERIOD2,13
1139,9,30,staff_ks_041,SATURDAY,PERIOD3,15
1140,9,30,staff_ks_041,SATURDAY,PERIOD4,16
1141,10,31,staff_ks_043,MONDAY,PERIOD1,1
1142,10,31,staff_ks_043,MONDAY,PERIOD2,2
1143,10,31,staff_ks_043,MONDAY,PERIOD3,4
1144,10,31,staff_ks_043,MONDAY,PERIOD5,5
1145,10,31,staff_ks_043,MONDAY,PERIOD6,6
1146,10,31,staff_ks_043,MONDAY,PERIOD7,7
1147,10,31,staff_ks_043,MONDAY,PERIOD8,11
1148,10,31,staff_ks_043,TUESDAY,PERIOD1,13
1149,10,31,staff_ks_043,TUESDAY,PERIOD2,15
1150,10,31,staff_ks_043,TUESDAY,PERIOD4,16
1151,10,31,staff_ks_043,TUESDAY,PERIOD5,17
1152,10,31,staff_ks_043,TUESDAY,PERIOD6,18
1153,10,31,staff_ks_043,TUESDAY,PERIOD7,19
1154,10,31,staff_ks_043,TUESDAY,PERIOD8,22
1155,10,31,staff_ks_043,WEDNESDAY,PERIOD1,1
1156,10,31,staff_ks_043,WEDNESDAY,PERIOD2,2
1157,10,31,staff_ks_043,WEDNESDAY,PERIOD3,4
1158,10,31,staff_ks_043,WEDNESDAY,PERIOD4,5
1159,10,31,staff_ks_043,WEDNESDAY,PERIOD5,6
1160,10,31,staff_ks_043,WEDNESDAY,PERIOD6,7
1161,10,31,staff_ks_043,WEDNESDAY,PERIOD7,11
1162,10,31,staff_ks_043,THURSDAY,PERIOD1,13
1163,10,31,staff_ks_043,THURSDAY,PERIOD3,15
1164,10,31,staff_ks_043,THURSDAY,PERIOD4,16
1165,10,31,staff_ks_043,THURSDAY,PERIOD5,17
1166,10,31,staff_ks_043,THURSDAY,PERIOD6,18
1167,10,31,staff_ks_043,THURSDAY,PERIOD7,19
1168,10,31,staff_ks_043,THURSDAY,PERIOD8,22
1169,10,31,staff_ks_043,FRIDAY,PERIOD1,1
1170,10,31,staff_ks_043,FRIDAY,PERIOD2,2
1171,10,31,staff_ks_043,FRIDAY,PERIOD3,4
1172,10,31,staff_ks_043,FRIDAY,PERIOD4,5
1173,10,31,staff_ks_043,FRIDAY,PERIOD5,6
1174,10,31,staff_ks_043,FRIDAY,PERIOD7,7
1175,10,31,staff_ks_043,FRIDAY,PERIOD8,11
1176,10,31,staff_ks_043,SATURDAY,PERIOD2,13
1177,10,31,staff_ks_043,SATURDAY,PERIOD3,15
1178,10,31,staff_ks_043,SATURDAY,PERIOD4,16
1179,10,32,staff_ks_044,MONDAY,PERIOD1,1
1180,10,32,staff_ks_044,MONDAY,PERIOD2,2
1181,10,32,staff_ks_044,MONDAY,PERIOD4,4
1182,10,32,staff_ks_044,MONDAY,PERIOD5,5
1183,10,32,staff_ks_044,MONDAY,PERIOD6,6
1184,10,32,staff_ks_044,MONDAY,PERIOD7,7
1185,10,32,staff_ks_044,MONDAY,PERIOD8,11
1186,10,32,staff_ks_044,TUESDAY,PERIOD1,13
1187,10,32,staff_ks_044,TUESDAY,PERIOD2,15
1188,10,32,staff_ks_044,TUESDAY,PERIOD3,16
1189,10,32,staff_ks_044,TUESDAY,PERIOD5,17
1190,10,32,staff_ks_044,TUESDAY,PERIOD6,18
1191,10,32,staff_ks_044,TUESDAY,PERIOD7,19
1192,10,32,staff_ks_044,TUESDAY,PERIOD8,22
1193,10,32,staff_ks_044,WEDNESDAY,PERIOD1,1
1194,10,32,staff_ks_044,WEDNESDAY,PERIOD2,2
1195,10,32,staff_ks_044,WEDNESDAY,PERIOD3,4
1196,10,32,staff_ks_044,WEDNESDAY,PERIOD5,5
1197,10,32,staff_ks_044,WEDNESDAY,PERIOD6,6
1198,10,32,staff_ks_044,WEDNESDAY,PERIOD7,7
1199,10,32,staff_ks_044,WEDNESDAY,PERIOD8,11
1200,10,32,staff_ks_044,THURSDAY,PERIOD1,13
1201,10,32,staff_ks_044,THURSDAY,PERIOD3,15
1202,10,32,staff_ks_044,THURSDAY,PERIOD4,16
1203,10,32,staff_ks_044,THURSDAY,PERIOD5,17
1204,10,32,staff_ks_044,THURSDAY,PERIOD6,18
1205,10,32,staff_ks_044,THURSDAY,PERIOD7,19
1206,10,32,staff_ks_044,THURSDAY,PERIOD8,22
1207,10,32,staff_ks_044,FRIDAY,PERIOD2,1
1208,10,32,staff_ks_044,FRIDAY,PERIOD3,2
1209,10,32,staff_ks_044,FRIDAY,PERIOD4,4
1210,10,32,staff_ks_044,FRIDAY,PERIOD5,5
1211,10,32,staff_ks_044,FRIDAY,PERIOD6,6
1212,10,32,staff_ks_044,FRIDAY,PERIOD7,7
1213,10,32,staff_ks_044,FRIDAY,PERIOD8,11
1214,10,32,staff_ks_044,SATURDAY,PERIOD1,13
1215,10,32,staff_ks_044,SATURDAY,PERIOD2,15
1216,10,32,staff_ks_044,SATURDAY,PERIOD4,16
1217,10,33,staff_ks_045,MONDAY,PERIOD1,1
1218,10,33,staff_ks_045,MONDAY,PERIOD2,2
1219,10,33,staff_ks_045,MONDAY,PERIOD3,4
1220,10,33,staff_ks_045,MONDAY,PERIOD5,5
1221,10,33,staff_ks_045,MONDAY,PERIOD6,6
1222,10,33,staff_ks_045,MONDAY,PERIOD7,7
1223,10,33,staff_ks_045,MONDAY,PERIOD8,11
1224,10,33,staff_ks_045,TUESDAY,PERIOD1,13
1225,10,33,staff_ks_045,TUESDAY,PERIOD2,15
1226,10,33,staff_ks_045,TUESDAY,PERIOD3,16
1227,10,33,staff_ks_045,TUESDAY,PERIOD4,17
1228,10,33,staff_ks_045,TUESDAY,PERIOD5,18
1229,10,33,staff_ks_045,TUESDAY,PERIOD6,19
1230,10,33,staff_ks_045,TUESDAY,PERIOD8,22
1231,10,33,staff_ks_045,WEDNESDAY,PERIOD1,1
1232,10,33,staff_ks_045,WEDNESDAY,PERIOD2,2
1233,10,33,staff_ks_045,WEDNESDAY,PERIOD3,4
1234,10,33,staff_ks_045,WEDNESDAY,PERIOD5,5
1235,10,33,staff_ks_045,WEDNESDAY,PERIOD6,6
1236,10,33,staff_ks_045,WEDNESDAY,PERIOD7,7
1237,10,33,staff_ks_045,WEDNESDAY,PERIOD8,11
1238,10,33,staff_ks_045,THURSDAY,PERIOD1,13
1239,10,33,staff_ks_045,THURSDAY,PERIOD2,15
1240,10,33,staff_ks_045,THURSDAY,PERIOD3,16
1241,10,33,staff_ks_045,THURSDAY,PERIOD4,17
1242,10,33,staff_ks_045,THURSDAY,PERIOD6,18
1243,10,33,staff_ks_045,THURSDAY,PERIOD7,19
1244,10,33,staff_ks_045,THURSDAY,PERIOD8,22
1245,10,33,staff_ks_045,FRIDAY,PERIOD2,1
1246,10,33,staff_ks_045,FRIDAY,PERIOD3,2
1247,10,33,staff_ks_045,FRIDAY,PERIOD4,4
1248,10,33,staff_ks_045,FRIDAY,PERIOD5,5
1249,10,33,staff_ks_045,FRIDAY,PERIOD6,6
1250,10,33,staff_ks_045,FRIDAY,PERIOD7,7
1251,10,33,staff_ks_045,FRIDAY,PERIOD8,11
1252,10,33,staff_ks_045,SATURDAY,PERIOD1,13
1253,10,33,staff_ks_045,SATURDAY,PERIOD3,15
1254,10,33,staff_ks_045,SATURDAY,PERIOD4,16
1255,10,34,staff_ks_046,MONDAY,PERIOD1,1
1256,10,34,staff_ks_046,MONDAY,PERIOD2,2
1257,10,34,staff_ks_046,MONDAY,PERIOD3,4
1258,10,34,staff_ks_046,MONDAY,PERIOD4,5
1259,10,34,staff_ks_046,MONDAY,PERIOD5,6
1260,10,34,staff_ks_046,MONDAY,PERIOD7,7
1261,10,34,staff_ks_046,MONDAY,PERIOD8,11
1262,10,34,staff_ks_046,TUESDAY,PERIOD1,13
1263,10,34,staff_ks_046,TUESDAY,PERIOD2,15
1264,10,34,staff_ks_046,TUESDAY,PERIOD3,16
1265,10,34,staff_ks_046,TUESDAY,PERIOD5,17
1266,10,34,staff_ks_046,TUESDAY,PERIOD6,18
1267,10,34,staff_ks_046,TUESDAY,PERIOD7,19
1268,10,34,staff_ks_046,TUESDAY,PERIOD8,22
1269,10,34,staff_ks_046,WEDNESDAY,PERIOD2,1
1270,10,34,staff_ks_046,WEDNESDAY,PERIOD3,2
1271,10,34,staff_ks_046,WEDNESDAY,PERIOD4,4
1272,10,34,staff_ks_046,WEDNESDAY,PERIOD5,5
1273,10,34,staff_ks_046,WEDNESDAY,PERIOD6,6
1274,10,34,staff_ks_046,WEDNESDAY,PERIOD7,7
1275,10,34,staff_ks_046,WEDNESDAY,PERIOD8,11
1276,10,34,staff_ks_046,THURSDAY,PERIOD1,13
1277,10,34,staff_ks_046,THURSDAY,PERIOD2,15
1278,10,34,staff_ks_046,THURSDAY,PERIOD3,16
1279,10,34,staff_ks_046,THURSDAY,PERIOD4,17
1280,10,34,staff_ks_046,THURSDAY,PERIOD6,18
1281,10,34,staff_ks_046,THURSDAY,PERIOD7,19
1282,10,34,staff_ks_046,THURSDAY,PERIOD8,22
1283,10,34,staff_ks_046,FRIDAY,PERIOD1,1
1284,10,34,staff_ks_046,FRIDAY,PERIOD2,2
1285,10,34,staff_ks_046,FRIDAY,PERIOD3,4
1286,10,34,staff_ks_046,FRIDAY,PERIOD4,5
1287,10,34,staff_ks_046,FRIDAY,PERIOD5,6
1288,10,34,staff_ks_046,FRIDAY,PERIOD7,7
1289,10,34,staff_ks_046,FRIDAY,PERIOD8,11
1290,10,34,staff_ks_046,SATURDAY,PERIOD2,13
1291,10,34,staff_ks_046,SATURDAY,PERIOD3,15
1292,10,34,staff_ks_046,SATURDAY,PERIOD4,16
1293,11,35,staff_ks_048,MONDAY,PERIOD1,1
1294,11,35,staff_ks_048,MONDAY,PERIOD3,2
1295,11,35,staff_ks_048,MONDAY,PERIOD4,4
1296,11,35,staff_ks_048,MONDAY,PERIOD5,5
1297,11,35,staff_ks_048,MONDAY,PERIOD6,6
1298,11,35,staff_ks_048,MONDAY,PERIOD7,7
1299,11,35,staff_ks_048,MONDAY,PERIOD8,11
1300,11,35,staff_ks_048,TUESDAY,PERIOD1,13
1301,11,35,staff_ks_048,TUESDAY,PERIOD2,15
1302,11,35,staff_ks_048,TUESDAY,PERIOD3,16
1303,11,35,staff_ks_048,TUESDAY,PERIOD4,18
1304,11,35,staff_ks_048,TUESDAY,PERIOD5,19
1305,11,35,staff_ks_048,TUESDAY,PERIOD7,22
1306,11,35,staff_ks_048,TUESDAY,PERIOD8,1
1307,11,35,staff_ks_048,WEDNESDAY,PERIOD1,2
1308,11,35,staff_ks_048,WEDNESDAY,PERIOD2,4
1309,11,35,staff_ks_048,WEDNESDAY,PERIOD3,5
1310,11,35,staff_ks_048,WEDNESDAY,PERIOD4,6
1311,11,35,staff_ks_048,WEDNESDAY,PERIOD5,7
1312,11,35,staff_ks_048,WEDNESDAY,PERIOD6,11
1313,11,35,staff_ks_048,WEDNESDAY,PERIOD8,13
1314,11,35,staff_ks_048,THURSDAY,PERIOD1,15
1315,11,35,staff_ks_048,THURSDAY,PERIOD2,16
1316,11,35,staff_ks_048,THURSDAY,PERIOD3,18
1317,11,35,staff_ks_048,THURSDAY,PERIOD4,19
1318,11,35,staff_ks_048,THURSDAY,PERIOD6,22
1319,11,35,staff_ks_048,THURSDAY,PERIOD7,1
1320,11,35,staff_ks_048,THURSDAY,PERIOD8,2
1321,11,35,staff_ks_048,FRIDAY,PERIOD1,4
1322,11,35,staff_ks_048,FRIDAY,PERIOD2,5
1323,11,35,staff_ks_048,FRIDAY,PERIOD3,6
1324,11,35,staff_ks_048,FRIDAY,PERIOD4,7
1325,11,35,staff_ks_048,FRIDAY,PERIOD5,11
1326,11,35,staff_ks_048,FRIDAY,PERIOD6,13
1327,11,35,staff_ks_048,FRIDAY,PERIOD8,15
1328,11,35,staff_ks_048,SATURDAY,PERIOD2,16
1329,11,35,staff_ks_048,SATURDAY,PERIOD3,18
1330,11,35,staff_ks_048,SATURDAY,PERIOD4,19
1331,11,36,staff_ks_050,MONDAY,PERIOD1,1
1332,11,36,staff_ks_050,MONDAY,PERIOD2,2
1333,11,36,staff_ks_050,MONDAY,PERIOD3,4
1334,11,36,staff_ks_050,MONDAY,PERIOD5,5
1335,11,36,staff_ks_050,MONDAY,PERIOD6,6
1336,11,36,staff_ks_050,MONDAY,PERIOD7,7
1337,11,36,staff_ks_050,MONDAY,PERIOD8,11
1338,11,36,staff_ks_050,TUESDAY,PERIOD2,13
1339,11,36,staff_ks_050,TUESDAY,PERIOD3,15
1340,11,36,staff_ks_050,TUESDAY,PERIOD4,16
1341,11,36,staff_ks_050,TUESDAY,PERIOD5,18
1342,11,36,staff_ks_050,TUESDAY,PERIOD6,19
1343,11,36,staff_ks_050,TUESDAY,PERIOD7,22
1344,11,36,staff_ks_050,TUESDAY,PERIOD8,1
1345,11,36,staff_ks_050,WEDNESDAY,PERIOD1,2
1346,11,36,staff_ks_050,WEDNESDAY,PERIOD2,4
1347,11,36,staff_ks_050,WEDNESDAY,PERIOD3,5
1348,11,36,staff_ks_050,WEDNESDAY,PERIOD4,6
1349,11,36,staff_ks_050,WEDNESDAY,PERIOD5,7
1350,11,36,staff_ks_050,WEDNESDAY,PERIOD6,11
1351,11,36,staff_ks_050,WEDNESDAY,PERIOD7,13
1352,11,36,staff_ks_050,THURSDAY,PERIOD1,15
1353,11,36,staff_ks_050,THURSDAY,PERIOD2,16
1354,11,36,staff_ks_050,THURSDAY,PERIOD4,18
1355,11,36,staff_ks_050,THURSDAY,PERIOD5,19
1356,11,36,staff_ks_050,THURSDAY,PERIOD6,22
1357,11,36,staff_ks_050,THURSDAY,PERIOD7,1
1358,11,36,staff_ks_050,THURSDAY,PERIOD8,2
1359,11,36,staff_ks_050,FRIDAY,PERIOD2,4
1360,11,36,staff_ks_050,FRIDAY,PERIOD3,5
1361,11,36,staff_ks_050,FRIDAY,PERIOD4,6
1362,11,36,staff_ks_050,FRIDAY,PERIOD5,7
1363,11,36,staff_ks_050,FRIDAY,PERIOD6,11
1364,11,36,staff_ks_050,FRIDAY,PERIOD7,13
1365,11,36,staff_ks_050,FRIDAY,PERIOD8,15
1366,11,36,staff_ks_050,SATURDAY,PERIOD1,16
1367,11,36,staff_ks_050,SATURDAY,PERIOD2,18
1368,11,36,staff_ks_050,SATURDAY,PERIOD3,19
1369,11,37,staff_ks_052,MONDAY,PERIOD1,1
1370,11,37,staff_ks_052,MONDAY,PERIOD2,2
1371,11,37,staff_ks_052,MONDAY,PERIOD3,4
1372,11,37,staff_ks_052,MONDAY,PERIOD4,5
1373,11,37,staff_ks_052,MONDAY,PERIOD5,6
1374,11,37,staff_ks_052,MONDAY,PERIOD6,7
1375,11,37,staff_ks_052,MONDAY,PERIOD8,11
1376,11,37,staff_ks_052,TUESDAY,PERIOD1,13
1377,11,37,staff_ks_052,TUESDAY,PERIOD2,15
1378,11,37,staff_ks_052,TUESDAY,PERIOD3,16
1379,11,37,staff_ks_052,TUESDAY,PERIOD4,18
1380,11,37,staff_ks_052,TUESDAY,PERIOD5,19
1381,11,37,staff_ks_052,TUESDAY,PERIOD6,22
1382,11,37,staff_ks_052,TUESDAY,PERIOD8,1
1383,11,37,staff_ks_052,WEDNESDAY,PERIOD1,2
1384,11,37,staff_ks_052,WEDNESDAY,PERIOD2,4
1385,11,37,staff_ks_052,WEDNESDAY,PERIOD3,5
1386,11,37,staff_ks_052,WEDNESDAY,PERIOD4,6
1387,11,37,staff_ks_052,WEDNESDAY,PERIOD5,7
1388,11,37,staff_ks_052,WEDNESDAY,PERIOD7,11
1389,11,37,staff_ks_052,WEDNESDAY,PERIOD8,13
1390,11,37,staff_ks_052,THURSDAY,PERIOD1,15
1391,11,37,staff_ks_052,THURSDAY,PERIOD2,16
1392,11,37,staff_ks_052,THURSDAY,PERIOD3,18
1393,11,37,staff_ks_052,THURSDAY,PERIOD5,19
1394,11,37,staff_ks_052,THURSDAY,PERIOD6,22
1395,11,37,staff_ks_052,THURSDAY,PERIOD7,1
1396,11,37,staff_ks_052,THURSDAY,PERIOD8,2
1397,11,37,staff_ks_052,FRIDAY,PERIOD1,4
1398,11,37,staff_ks_052,FRIDAY,PERIOD2,5
1399,11,37,staff_ks_052,FRIDAY,PERIOD3,6
1400,11,37,staff_ks_052,FRIDAY,PERIOD4,7
1401,11,37,staff_ks_052,FRIDAY,PERIOD5,11
1402,11,37,staff_ks_052,FRIDAY,PERIOD6,13
1403,11,37,staff_ks_052,FRIDAY,PERIOD8,15
1404,11,37,staff_ks_052,SATURDAY,PERIOD1,16
1405,11,37,staff_ks_052,SATURDAY,PERIOD2,18
1406,11,37,staff_ks_052,SATURDAY,PERIOD4,19
1407,12,39,staff_ks_054,MONDAY,PERIOD1,1
1408,12,39,staff_ks_054,MONDAY,PERIOD2,2
1409,12,39,staff_ks_054,MONDAY,PERIOD3,4
1410,12,39,staff_ks_054,MONDAY,PERIOD4,6
1411,12,39,staff_ks_054,MONDAY,PERIOD6,7
1412,12,39,staff_ks_054,MONDAY,PERIOD7,11
1413,12,39,staff_ks_054,MONDAY,PERIOD8,13
1414,12,39,staff_ks_054,TUESDAY,PERIOD1,15
1415,12,39,staff_ks_054,TUESDAY,PERIOD2,16
1416,12,39,staff_ks_054,TUESDAY,PERIOD3,18
1417,12,39,staff_ks_054,TUESDAY,PERIOD4,19
1418,12,39,staff_ks_054,TUESDAY,PERIOD5,22
1419,12,39,staff_ks_054,TUESDAY,PERIOD6,1
1420,12,39,staff_ks_054,TUESDAY,PERIOD7,2
1421,12,39,staff_ks_054,WEDNESDAY,PERIOD1,4
1422,12,39,staff_ks_054,WEDNESDAY,PERIOD2,6
1423,12,39,staff_ks_054,WEDNESDAY,PERIOD3,7
1424,12,39,staff_ks_054,WEDNESDAY,PERIOD4,11
1425,12,39,staff_ks_054,WEDNESDAY,PERIOD6,13
1426,12,39,staff_ks_054,WEDNESDAY,PERIOD7,15
1427,12,39,staff_ks_054,WEDNESDAY,PERIOD8,16
1428,12,39,staff_ks_054,THURSDAY,PERIOD1,18
1429,12,39,staff_ks_054,THURSDAY,PERIOD2,19
1430,12,39,staff_ks_054,THURSDAY,PERIOD3,22
1431,12,39,staff_ks_054,THURSDAY,PERIOD5,1
1432,12,39,staff_ks_054,THURSDAY,PERIOD6,2
1433,12,39,staff_ks_054,THURSDAY,PERIOD7,4
1434,12,39,staff_ks_054,THURSDAY,PERIOD8,6
1435,12,39,staff_ks_054,FRIDAY,PERIOD1,7
1436,12,39,staff_ks_054,FRIDAY,PERIOD3,11
1437,12,39,staff_ks_054,FRIDAY,PERIOD4,13
1438,12,39,staff_ks_054,FRIDAY,PERIOD5,15
1439,12,39,staff_ks_054,FRIDAY,PERIOD6,16
1440,12,39,staff_ks_054,FRIDAY,PERIOD7,18
1441,12,39,staff_ks_054,FRIDAY,PERIOD8,19
1442,12,39,staff_ks_054,SATURDAY,PERIOD1,22
1443,12,39,staff_ks_054,SATURDAY,PERIOD2,1
1444,12,39,staff_ks_054,SATURDAY,PERIOD3,2
1445,12,40,staff_ks_055,MONDAY,PERIOD1,1
1446,12,40,staff_ks_055,MONDAY,PERIOD2,2
1447,12,40,staff_ks_055,MONDAY,PERIOD3,4
1448,12,40,staff_ks_055,MONDAY,PERIOD4,6
1449,12,40,staff_ks_055,MONDAY,PERIOD5,7
1450,12,40,staff_ks_055,MONDAY,PERIOD6,11
1451,12,40,staff_ks_055,MONDAY,PERIOD7,13
1452,12,40,staff_ks_055,TUESDAY,PERIOD1,15
1453,12,40,staff_ks_055,TUESDAY,PERIOD2,16
1454,12,40,staff_ks_055,TUESDAY,PERIOD3,18
1455,12,40,staff_ks_055,TUESDAY,PERIOD4,19
1456,12,40,staff_ks_055,TUESDAY,PERIOD6,22
1457,12,40,staff_ks_055,TUESDAY,PERIOD7,1
1458,12,40,staff_ks_055,TUESDAY,PERIOD8,2
1459,12,40,staff_ks_055,WEDNESDAY,PERIOD1,4
1460,12,40,staff_ks_055,WEDNESDAY,PERIOD2,6
1461,12,40,staff_ks_055,WEDNESDAY,PERIOD3,7
1462,12,40,staff_ks_055,WEDNESDAY,PERIOD4,11
1463,12,40,staff_ks_055,WEDNESDAY,PERIOD5,13
1464,12,40,staff_ks_055,WEDNESDAY,PERIOD6,15
1465,12,40,staff_ks_055,WEDNESDAY,PERIOD8,16
1466,12,40,staff_ks_055,THURSDAY,PERIOD1,18
1467,12,40,staff_ks_055,THURSDAY,PERIOD2,19
1468,12,40,staff_ks_055,THURSDAY,PERIOD3,22
1469,12,40,staff_ks_055,THURSDAY,PERIOD4,1
1470,12,40,staff_ks_055,THURSDAY,PERIOD5,2
1471,12,40,staff_ks_055,THURSDAY,PERIOD7,4
1472,12,40,staff_ks_055,THURSDAY,PERIOD8,6
1473,12,40,staff_ks_055,FRIDAY,PERIOD1,7
1474,12,40,staff_ks_055,FRIDAY,PERIOD2,11
1475,12,40,staff_ks_055,FRIDAY,PERIOD3,13
1476,12,40,staff_ks_055,FRIDAY,PERIOD4,15
1477,12,40,staff_ks_055,FRIDAY,PERIOD5,16
1478,12,40,staff_ks_055,FRIDAY,PERIOD6,18
1479,12,40,staff_ks_055,FRIDAY,PERIOD7,19
1480,12,40,staff_ks_055,SATURDAY,PERIOD1,22
1481,12,40,staff_ks_055,SATURDAY,PERIOD2,1
1482,12,40,staff_ks_055,SATURDAY,PERIOD4,2
1483,12,41,staff_ks_056,MONDAY,PERIOD2,1
1484,12,41,staff_ks_056,MONDAY,PERIOD3,2
1485,12,41,staff_ks_056,MONDAY,PERIOD4,4
1486,12,41,staff_ks_056,MONDAY,PERIOD5,6
1487,12,41,staff_ks_056,MONDAY,PERIOD6,7
1488,12,41,staff_ks_056,MONDAY,PERIOD7,11
1489,12,41,staff_ks_056,MONDAY,PERIOD8,13
1490,12,41,staff_ks_056,TUESDAY,PERIOD1,15
1491,12,41,staff_ks_056,TUESDAY,PERIOD2,16
1492,12,41,staff_ks_056,TUESDAY,PERIOD4,18
1493,12,41,staff_ks_056,TUESDAY,PERIOD5,19
1494,12,41,staff_ks_056,TUESDAY,PERIOD6,22
1495,12,41,staff_ks_056,TUESDAY,PERIOD7,1
1496,12,41,staff_ks_056,TUESDAY,PERIOD8,2
1497,12,41,staff_ks_056,WEDNESDAY,PERIOD1,4
1498,12,41,staff_ks_056,WEDNESDAY,PERIOD2,6
1499,12,41,staff_ks_056,WEDNESDAY,PERIOD3,7
1500,12,41,staff_ks_056,WEDNESDAY,PERIOD4,11
1501,12,41,staff_ks_056,WEDNESDAY,PERIOD6,13
1502,12,41,staff_ks_056,WEDNESDAY,PERIOD7,15
1503,12,41,staff_ks_056,WEDNESDAY,PERIOD8,16
1504,12,41,staff_ks_056,THURSDAY,PERIOD1,18
1505,12,41,staff_ks_056,THURSDAY,PERIOD2,19
1506,12,41,staff_ks_056,THURSDAY,PERIOD3,22
1507,12,41,staff_ks_056,THURSDAY,PERIOD4,1
1508,12,41,staff_ks_056,THURSDAY,PERIOD6,2
1509,12,41,staff_ks_056,THURSDAY,PERIOD7,4
1510,12,41,staff_ks_056,THURSDAY,PERIOD8,6
1511,12,41,staff_ks_056,FRIDAY,PERIOD1,7
1512,12,41,staff_ks_056,FRIDAY,PERIOD2,11
1513,12,41,staff_ks_056,FRIDAY,PERIOD3,13
1514,12,41,staff_ks_056,FRIDAY,PERIOD4,15
1515,12,41,staff_ks_056,FRIDAY,PERIOD5,16
1516,12,41,staff_ks_056,FRIDAY,PERIOD6,18
1517,12,41,staff_ks_056,FRIDAY,PERIOD8,19
1518,12,41,staff_ks_056,SATURDAY,PERIOD1,22
1519,12,41,staff_ks_056,SATURDAY,PERIOD2,1
1520,12,41,staff_ks_056,SATURDAY,PERIOD4,2
1521,13,42,staff_ks_057,MONDAY,PERIOD2,1
1522,13,42,staff_ks_057,MONDAY,PERIOD3,2
1523,13,42,staff_ks_057,MONDAY,PERIOD4,4
1524,13,42,staff_ks_057,MONDAY,PERIOD5,6
1525,13,42,staff_ks_057,MONDAY,PERIOD6,7
1526,13,42,staff_ks_057,MONDAY,PERIOD7,13
1527,13,42,staff_ks_057,MONDAY,PERIOD8,15
1528,13,42,staff_ks_057,TUESDAY,PERIOD1,16
1529,13,42,staff_ks_057,TUESDAY,PERIOD2,18
1530,13,42,staff_ks_057,TUESDAY,PERIOD3,22
1531,13,42,staff_ks_057,TUESDAY,PERIOD4,1
1532,13,42,staff_ks_057,TUESDAY,PERIOD5,2
1533,13,42,staff_ks_057,TUESDAY,PERIOD6,4
1534,13,42,staff_ks_057,TUESDAY,PERIOD7,6
1535,13,42,staff_ks_057,WEDNESDAY,PERIOD1,7
1536,13,42,staff_ks_057,WEDNESDAY,PERIOD3,13
1537,13,42,staff_ks_057,WEDNESDAY,PERIOD4,15
1538,13,42,staff_ks_057,WEDNESDAY,PERIOD5,16
1539,13,42,staff_ks_057,WEDNESDAY,PERIOD6,18
1540,13,42,staff_ks_057,WEDNESDAY,PERIOD7,22
1541,13,42,staff_ks_057,WEDNESDAY,PERIOD8,1
1542,13,42,staff_ks_057,THURSDAY,PERIOD1,2
1543,13,42,staff_ks_057,THURSDAY,PERIOD2,4
1544,13,42,staff_ks_057,THURSDAY,PERIOD3,6
1545,13,42,staff_ks_057,THURSDAY,PERIOD4,7
1546,13,42,staff_ks_057,THURSDAY,PERIOD5,13
1547,13,42,staff_ks_057,THURSDAY,PERIOD6,15
1548,13,42,staff_ks_057,THURSDAY,PERIOD8,16
1549,13,42,staff_ks_057,FRIDAY,PERIOD1,18
1550,13,42,staff_ks_057,FRIDAY,PERIOD2,22
1551,13,42,staff_ks_057,FRIDAY,PERIOD3,1
1552,13,42,staff_ks_057,FRIDAY,PERIOD4,2
1553,13,42,staff_ks_057,FRIDAY,PERIOD6,4
1554,13,42,staff_ks_057,FRIDAY,PERIOD7,6
1555,13,42,staff_ks_057,FRIDAY,PERIOD8,7
1556,13,42,staff_ks_057,SATURDAY,PERIOD1,13
1557,13,42,staff_ks_057,SATURDAY,PERIOD2,15
1558,13,42,staff_ks_057,SATURDAY,PERIOD3,16
1559,13,43,staff_ks_061,MONDAY,PERIOD1,1
1560,13,43,staff_ks_061,MONDAY,PERIOD2,2
1561,13,43,staff_ks_061,MONDAY,PERIOD3,4
1562,13,43,staff_ks_061,MONDAY,PERIOD5,6
1563,13,43,staff_ks_061,MONDAY,PERIOD6,7
1564,13,43,staff_ks_061,MONDAY,PERIOD7,13
1565,13,43,staff_ks_061,MONDAY,PERIOD8,15
1566,13,43,staff_ks_061,TUESDAY,PERIOD1,16
1567,13,43,staff_ks_061,TUESDAY,PERIOD3,18
1568,13,43,staff_ks_061,TUESDAY,PERIOD4,22
1569,13,43,staff_ks_061,TUESDAY,PERIOD5,1
1570,13,43,staff_ks_061,TUESDAY,PERIOD6,2
1571,13,43,staff_ks_061,TUESDAY,PERIOD7,4
1572,13,43,staff_ks_061,TUESDAY,PERIOD8,6
1573,13,43,staff_ks_061,WEDNESDAY,PERIOD2,7
1574,13,43,staff_ks_061,WEDNESDAY,PERIOD3,13
1575,13,43,staff_ks_061,WEDNESDAY,PERIOD4,15
1576,13,43,staff_ks_061,WEDNESDAY,PERIOD5,16
1577,13,43,staff_ks_061,WEDNESDAY,PERIOD6,18
1578,13,43,staff_ks_061,WEDNESDAY,PERIOD7,22
1579,13,43,staff_ks_061,WEDNESDAY,PERIOD8,1
1580,13,43,staff_ks_061,THURSDAY,PERIOD1,2
1581,13,43,staff_ks_061,THURSDAY,PERIOD2,4
1582,13,43,staff_ks_061,THURSDAY,PERIOD3,6
1583,13,43,staff_ks_061,THURSDAY,PERIOD4,7
1584,13,43,staff_ks_061,THURSDAY,PERIOD6,13
1585,13,43,staff_ks_061,THURSDAY,PERIOD7,15
1586,13,43,staff_ks_061,THURSDAY,PERIOD8,16
1587,13,43,staff_ks_061,FRIDAY,PERIOD1,18
1588,13,43,staff_ks_061,FRIDAY,PERIOD2,22
1589,13,43,staff_ks_061,FRIDAY,PERIOD3,1
1590,13,43,staff_ks_061,FRIDAY,PERIOD4,2
1591,13,43,staff_ks_061,FRIDAY,PERIOD5,4
1592,13,43,staff_ks_061,FRIDAY,PERIOD6,6
1593,13,43,staff_ks_061,FRIDAY,PERIOD7,7
1594,13,43,staff_ks_061,SATURDAY,PERIOD2,13
1595,13,43,staff_ks_061,SATURDAY,PERIOD3,15
1596,13,43,staff_ks_061,SATURDAY,PERIOD4,16
1597,13,44,staff_ks_062,MONDAY,PERIOD1,1
1598,13,44,staff_ks_062,MONDAY,PERIOD2,2
1599,13,44,staff_ks_062,MONDAY,PERIOD3,4
1600,13,44,staff_ks_062,MONDAY,PERIOD4,6
1601,13,44,staff_ks_062,MONDAY,PERIOD5,7
1602,13,44,staff_ks_062,MONDAY,PERIOD6,13
1603,13,44,staff_ks_062,MONDAY,PERIOD7,15
1604,13,44,staff_ks_062,TUESDAY,PERIOD1,16
1605,13,44,staff_ks_062,TUESDAY,PERIOD2,18
1606,13,44,staff_ks_062,TUESDAY,PERIOD3,22
1607,13,44,staff_ks_062,TUESDAY,PERIOD4,1
1608,13,44,staff_ks_062,TUESDAY,PERIOD5,2
1609,13,44,staff_ks_062,TUESDAY,PERIOD7,4
1610,13,44,staff_ks_062,TUESDAY,PERIOD8,6
1611,13,44,staff_ks_062,WEDNESDAY,PERIOD1,7
1612,13,44,staff_ks_062,WEDNESDAY,PERIOD2,13
1613,13,44,staff_ks_062,WEDNESDAY,PERIOD4,15
1614,13,44,staff_ks_062,WEDNESDAY,PERIOD5,16
1615,13,44,staff_ks_062,WEDNESDAY,PERIOD6,18
1616,13,44,staff_ks_062,WEDNESDAY,PERIOD7,22
1617,13,44,staff_ks_062,WEDNESDAY,PERIOD8,1
1618,13,44,staff_ks_062,THURSDAY,PERIOD1,2
1619,13,44,staff_ks_062,THURSDAY,PERIOD2,4
1620,13,44,staff_ks_062,THURSDAY,PERIOD3,6
1621,13,44,staff_ks_062,THURSDAY,PERIOD4,7
1622,13,44,staff_ks_062,THURSDAY,PERIOD6,13
1623,13,44,staff_ks_062,THURSDAY,PERIOD7,15
1624,13,44,staff_ks_062,THURSDAY,PERIOD8,16
1625,13,44,staff_ks_062,FRIDAY,PERIOD1,18
1626,13,44,staff_ks_062,FRIDAY,PERIOD2,22
1627,13,44,staff_ks_062,FRIDAY,PERIOD3,1
1628,13,44,staff_ks_062,FRIDAY,PERIOD4,2
1629,13,44,staff_ks_062,FRIDAY,PERIOD5,4
1630,13,44,staff_ks_062,FRIDAY,PERIOD6,6
1631,13,44,staff_ks_062,FRIDAY,PERIOD8,7
1632,13,44,staff_ks_062,SATURDAY,PERIOD1,13
1633,13,44,staff_ks_062,SATURDAY,PERIOD2,15
1634,13,44,staff_ks_062,SATURDAY,PERIOD3,16
